UTC,Temperature[C],Humidity[%],TVOC[ppb],eCO2[ppm],Raw H2,Raw Ethanol,Pressure[hPa],PM1.0,PM2.5,NC0.5,NC1.0,NC2.5,Fire Alarm,Cluster
1654767795,19.75,50.86,210.0,400.0,13150,20058,939.631,1.12,1.16,7.72,1.203,0.027,True,2
1654762945,18.12011163851989,50.509330168880645,0.0014885135985591,400.0,13137,20036,939.595,0.5000223277039784,0.5100297702719712,3.41018606419982,0.5320290260151719,0.0120007442567992,False,2
1654735556,20.457,53.18,2.0,400.0,13191,20124,939.604,0.81,0.84,5.55,0.866,0.02,False,2
1654763444,17.39641155225442,51.84832491034627,25.41763795376085,400.0,13137,20036,939.6459323362486,0.8019412068207972,0.8319412068207971,5.5106766375143845,0.8596500257976776,0.0190970603410398,False,2
1654780773,24.57,53.48,1172.0,400.0,12930,19436,938.656,1.59,1.66,10.97,1.71,0.039,True,2
1655124499,26.88310437385456,45.02411093027282,25.674843790908582,424.8834374727276,12842,20752,937.5782760934636,2.006012496727313,2.080429684090951,13.78441872763664,2.1500799965091337,0.0486503124181828,False,2
1654763421,19.55,48.02,7.0,400.0,13158,20052,939.628,0.87,0.0,5.97,0.932,0.021,False,2
1654735741,18.5303716911468,53.29187058845441,32.0,400.0,13191,20123,939.6084100735336,1.0575779411856,1.0975779411856,7.293045588299202,1.1373357353041602,0.02537889705928,False,2
1654745915,20.28,52.31,1078.0,566.0,12824,19463,939.007,1.84,1.91,12.68,1.977,0.045,True,2
1654756140,-21.165,49.41,1373.0,406.0,12969,19387,938.705,1.92,2.0,13.25,2.066,0.047,True,2
1654786319,26.71,48.62,1318.0,417.0,12990,19398,938.863,1.65,1.71,11.33,1.766,0.04,True,2
1654717335,57.86,18.8,641.5,400.0,10894,15590,936.788,0.84,0.87,5.795,0.9,0.02,False,2
1654715907,24.814388548554803,43.00797054647525,0.0,400.0,13452,21293,937.4033122290288,2.2287337417342368,2.3187337417342366,15.35176932127254,2.393358199792045,0.0543122290289039,False,2
1655127837,12.329502800842576,38.59508402527725,0.0,400.0,13213,21048,937.4755730290528,1.9021628631612495,1.9721628631612496,13.081572614761,2.0406656640038245,0.0462865145264499,False,2
1654753900,9.733,52.55,1124.0,400.0,12985,19454,938.74,2.05,2.12,14.08,2.195,0.05,True,2
1654782892,26.57,49.23,1302.0,400.0,12968,19409,938.712,1.92,1.99,13.18,2.056,0.046,True,2
1654735287,22.927,48.9,45.0,400.0,13134,20008,939.576,0.67,0.69,4.6,0.7170000000000001,0.016,False,2
1654741994,-4.966,51.49,344.0,400.0,13089,19920,939.319,0.4,0.41,2.72,0.425,0.01,True,2
1654764925,20.43,56.02,345.0,400.0,13095,19866,939.67,1.27,1.32,8.73,1.361,0.031,True,2
1654750651,15.422,52.11,1149.0,403.0,12898,19440,938.754,1.6,1.67,11.03,1.72,0.039,True,2
1654775820,26.95,47.57,1130.0,468.0,12859,19443,938.916,2.21,2.29,15.19,2.369,0.054,True,2
1654786286,24.58,53.25,1272.0,407.0,12989,19406,938.87,2.14,2.22,14.7,2.292,0.052,True,2
1654766336,22.04,49.49,58.0,400.0,13237,20165,939.683,2.11,2.2,14.55,2.268,0.051,True,2
1655125951,-4.896,47.84,74.0,400.0,12802,20651,937.414,1.77,1.84,12.19,1.901,0.043,False,2
1654764396,18.65,51.31,166.0,400.0,13157,20003,939.673,0.86,0.89,5.91,0.922,0.021,False,2
1655124638,26.251,41.24,85.0,414.0,12829,20686,937.563,1.9,1.97,13.04,2.0340000000000003,0.046,False,2
1654740498,-4.852,49.53,257.0,400.0,13119,20004,939.521,0.46,0.47,3.14,0.49,0.011,True,2
1654713190,29.10170012154832,40.88083470220664,74.49149939225843,400.0,12792,20673,937.5410170012154,2.073554896683933,2.1584698906065167,14.279799270710113,2.226910386352326,0.0499659975690337,False,2
1654716503,43.14,30.3,1320.0,400.0,12986,19493,936.861,0.41,0.43,2.83,0.441,0.01,False,2
1654717171,48.79548460875184,26.85193843500736,663.040479359766,529.0,11370,16541,936.8762417325931,0.75,0.77056442390602,5.107901934684279,0.807838654343612,0.019,False,2
1654716762,54.38,19.09,548.0,669.0,12676,18747,936.894,0.86,0.89,5.93,0.924,0.021,False,2
1654715019,25.88109776830504,48.67506004262734,180.91766737712223,437.02744420762593,12769,20540,937.4216861051908,1.2008233262287775,1.2508233262287776,8.265763283601443,1.287905658851655,0.0290274442076258,False,2
1654763500,17.615453293348605,51.54391405477621,0.0,400.0,13198,20111,939.6377912891784,0.7756148996087414,0.8056148996087414,5.348074498043707,0.8334919196869932,0.019,False,2
1654737880,-5.636,53.36,61.0,400.0,13253,20151,939.681,2.2,2.29,15.16,2.364,0.053,True,2
1654764250,21.102659726867326,45.67202081939802,130.94583307996407,400.0,13165,20036,939.6268965280734,1.148472230667864,1.1953194537346503,7.907729226208442,1.2323194537346502,0.0282118057666965,False,2
1654750870,16.311,47.79,1126.0,400.0,12902,19444,938.747,1.41,1.47,9.73,1.517,0.034,True,2
1655128817,19.323,22.97,0.0,696.0,12653,18791,936.927,0.85,0.89,5.87,0.916,0.021,False,2
1654770792,22.3,58.49,630.0,530.0,12872,19629,939.193,2.68,2.79,18.47,2.881,0.065,True,2
1654715007,26.31943108798142,46.97126650455037,179.46054861143685,432.6403657409579,12764,20541,937.4039779884248,1.478421944457474,1.538421944457474,10.19254995379274,1.5891632245508267,0.0356403657409579,False,2
1654717261,54.47,19.94,303.5,400.0,11366,16272,936.846,0.84,0.87,5.77,0.908,0.021,False,2
1654713186,29.020043623508887,41.04759499371095,64.92274135762396,400.0,12789,20677,937.5395364481456,2.1549781882455576,2.2349781882455577,14.805619904142665,2.3086691536760537,0.0518841120364359,False,2
1654752372,20.79,47.72,1210.0,400.0,12927,19426,938.709,1.64,1.7,11.29,1.76,0.04,True,2
1654715635,27.8,42.26,0.0,400.0,13083,21046,937.438,1.93,2.0,13.26,2.068,0.047,False,2
1654714854,28.02,45.23,144.0,409.0,12776,20571,937.372,2.16,2.25,14.88,2.32,0.052,False,2
1655127078,17.201,48.37,152.0,418.0,12775,20562,937.351,1.67,1.73,11.49,1.791,0.04,False,2
1654747066,18.937,53.11,1187.0,525.0,12844,19426,938.887,1.8,1.87,12.41,1.935,0.044,True,2
1654739191,-8.908999999999999,54.18,19.0,400.0,13251,20247,939.681,2.5,2.59,17.19,2.68,0.061,True,2
1654745043,14.076,48.34,1038.0,604.0,12819,19472,939.073,2.25,2.34,15.47,2.4130000000000003,0.054,True,2
1654712306,27.489875834528146,42.93353629812553,39.18982810259735,428.8734479316018,12851,20748,937.5858101718974,2.022022446497832,2.102655206839823,13.896055406510795,2.167351243216013,0.0492531041367964,False,2
1654713295,28.42,43.24,108.0,400.0,12790,20633,937.531,2.03,2.11,13.95,2.175,0.049,False,2
1654774713,24.64,52.76,1193.0,534.0,12830,19426,938.895,1.69,1.75,11.61,1.81,0.0409999999999999,True,2
1654714668,25.68201632201574,48.96423907995502,160.230436801799,442.1440230011244,12763,20551,937.3138847815992,2.126543447973015,2.2162554019707668,14.656380227815603,2.286284206570992,0.0519135861993253,False,2
1655124473,26.521,39.1,52.0,426.0,12850,20738,937.558,2.26,2.34,15.53,2.422,0.055,False,2
1654784648,26.99,47.86,1348.0,400.0,12978,19393,938.71,1.82,1.89,12.52,1.953,0.044,True,2
1654735138,24.095,53.34,53.0,400.0,13116,20000,939.648,0.68,0.7,4.67,0.728,0.016,False,2
1654771519,25.17,50.87,908.0,705.0,12775,19505,939.095,2.27,2.35,15.59,2.431,0.055,True,2
1654714341,27.223435089622036,42.3304087037201,149.20880084350148,437.6731022141914,12770,20564,937.3460220021088,1.730933993673739,1.794422992619362,11.893515953607418,1.8547251928302373,0.0416977997891245,False,2
1654712517,29.12,41.24,85.0,414.0,12829,20686,937.563,1.9,1.97,13.04,2.0340000000000003,0.046,False,2
1654741556,-4.417,50.5,311.0,400.0,13105,19950,939.416,0.27,0.28,1.88,0.293,0.0069999999999999,True,2
1654768668,20.9,50.42,246.0,400.0,13133,20025,939.483,0.55,0.57,3.78,0.589,0.013,True,2
1654738442,-8.717,50.12,47.0,400.0,13242,20173,939.708,1.77,1.84,12.18,1.899,0.043,True,2
1654767307,21.97,49.26,105.0,400.0,13206,20165,939.686,2.07,2.15,14.23,2.219,0.05,True,2
1654740622,-4.559,54.57,0.0,400.0,13126,20007,939.506,0.48,0.5,3.29,0.513,0.012,True,2
1654762482,15.9643195041732,54.07563443633972,0.0,400.0,13064,19959,939.7552887865344,0.34,0.3574224269310536,2.354844853862107,0.3679689707724214,0.008,False,2
1654736119,14.191,46.04,111.0,400.0,13183,20066,939.635,1.03,1.07,7.09,1.106,0.025,False,2
1654717402,57.446972880095714,13.411342728511729,1168.638992193651,400.0,11631,17015,936.716815075792,0.8104201010559899,0.8352100505279949,5.519075378959962,0.8745965833711917,0.02,False,2
1654743620,-0.8240000000000001,51.16,885.0,685.0,12785,19509,939.07,2.11,2.19,14.5,2.261,0.051,True,2
1654744983,13.467,48.37,1015.0,607.0,12819,19479,939.045,2.1,2.18,14.45,2.254,0.051,True,2
1654771346,24.87,50.98,806.0,715.0,12777,19527,939.124,2.44,2.54,16.82,2.624,0.059,True,2
1655129587,-21.809,12.23,2097.0,667.0,12680,18429,936.695,0.83,0.86,5.545,0.9065,0.022,False,2
1655124890,17.175,40.31,52.0,400.0,12836,20728,937.503,1.88,1.95,12.95,2.019,0.046,False,2
1654717572,57.91,11.25,1385.5,400.0,13182,19294,936.709,0.8,0.82,5.41,8.956,0.2019999999999999,False,2
1654733749,24.73713141923828,50.109573898966495,13.08880913492828,400.0,12735,19763,939.8299555954326,0.247779771626793,0.3073357259521516,1.5666786297607582,0.3270692985473667,0.0564227406229661,False,2
1655128332,16.199401829651396,61.17700641439245,2263.866056782869,400.0,13399,20050,936.9947767613048,0.64,0.67,4.4204464773904375,0.6890669716085658,0.016,False,2
1654735938,16.317171788337493,47.68389924326845,68.74710327175907,400.0,13199,20112,939.6418352644856,1.0282367757253024,1.0740604532978326,7.089304785222177,1.1048075565695916,0.024747103271759,False,2
1654762710,17.29577348860264,50.76712354435024,0.0,400.0,13112,20007,939.6973943372152,0.3890849417740095,0.3990849417740095,2.660566278493397,0.4150849417740095,0.0093028313924669,False,2
1654754541,-0.4629999999999999,47.36,1333.0,406.0,12950,19394,938.688,1.99,2.06,13.67,0.0,0.048,True,2
1654734537,26.956667558298477,49.539453921897405,11.485010599722708,400.0,13070,19956,939.7505449682008,0.3842505299861353,0.4018254769875218,2.6552033919112663,0.414008024686274,0.0094850105997227,False,2
1654770086,18.81,54.47,360.0,400.0,13074,19907,939.296,0.22,0.23,1.54,0.24,0.005,True,2
1654713985,27.284132796565142,44.42048928909638,130.2249023554668,415.34941413280086,12786,20595,937.4142249023556,1.95875488222666,2.0326303704493256,13.473533199141286,2.1006926263379926,0.0477750976445331,False,2
1654762345,14.181087452439684,50.92341760193026,24.942743206434407,400.0,13013,19911,939.747490457201,0.2554771399463799,0.2654771399463799,1.7332445516353836,0.2710057683431627,0.0065095427989275,False,2
1654712249,27.35993216253952,43.42753174303092,57.45886238384873,435.8218820432989,12858,20736,937.5646437640866,2.3427396068109965,2.4327396068109963,16.105547051082475,2.510650547832646,0.0566369803405497,False,2
1654782671,27.02,47.49,1327.0,408.0,12956,19394,938.681,2.06,2.14,14.19,2.214,0.05,True,2
1654755602,-16.491,48.91,1323.0,400.0,12966,19396,938.714,2.04,2.12,14.04,2.189,0.049,True,2
1655129111,4.550757560659359,27.738706767032987,532.3717626373425,400.0,13495,20664,936.842207852967,0.7641570593406644,0.7941570593406644,5.276628237362657,0.8224942356043986,0.019,False,2
1654734593,26.834153663612632,49.181068526181065,15.153663612631885,400.0,13078,19956,939.7033541382198,0.4216926727747362,0.4416926727747362,2.908463363873681,0.4541848709423153,0.01,False,2
1655124527,27.08399595664537,39.7141937572636,44.29435549144877,413.2943554914488,12840,20731,937.5492923338142,2.1500202167731453,2.2300202167731453,14.78483907521131,2.305903283247492,0.0519415332371731,False,2
1654743055,-4.207,59.28,785.0,920.0,12662,19539,939.152,2.57,2.67,17.72,2.763,0.062,True,2
1655126280,-4.87,41.2,122.0,400.0,12789,20604,937.354,2.08,2.16,14.33,2.234,0.05,False,2
1654779065,26.98,47.62,1113.0,409.0,12903,19449,938.707,1.61,1.67,11.09,1.73,0.039,True,2
1655129833,-13.284,13.79,2294.0,400.0,13561,20080,936.689,0.89,0.93,6.15,0.958,0.022,False,2
1654750467,14.73,50.79,1203.0,424.0,12894,19433,938.781,1.6,1.67,11.04,1.722,0.039,True,2
1654749206,12.013,50.13,1168.0,431.0,12873,19440,938.792,1.77,1.84,12.2,1.902,0.043,True,2
1654772642,26.29,49.01,967.0,616.0,12807,19483,939.068,2.05,2.13,14.1,2.199,0.05,True,2
1654757728,-4.39,51.6,1329.0,421.0,12984,19392,938.787,2.19,2.28,15.11,2.356,0.053,True,2
1654774902,24.48,53.3,1132.0,511.0,12842,19438,938.858,1.99,2.07,13.69,2.135,0.048,True,2
1654735668,19.309211864407292,51.237005649703285,26.265536723114774,400.0,13202,20134,939.5731991525424,1.1433615819221306,1.1933615819221304,7.885522598878274,1.230029661018237,0.0278672316384425,False,2
1654740551,-4.72,49.83,237.0,400.0,13135,20031,939.533,0.4,0.41,2.73,0.426,0.01,True,2
1654733511,22.38956754519808,52.87128822415421,1.0,408.1722419323664,12588,19679,939.8073866193624,0.0,0.0,0.0,0.0,0.0,False,2
1654717123,46.92863494900495,26.674032909202843,747.860382711379,535.2507780472789,11499,16782,936.842092040796,0.7513650509950526,0.7742063137438158,5.1409204079604205,0.8029221874689394,0.019,False,2
1654763526,19.137298868111007,52.47744814960075,0.0,400.0,13204,20136,939.5913649434056,0.8792701131888992,0.9192701131888992,6.0663505659444965,0.9463431018700093,0.021,False,2
1655129261,-6.176,20.39,0.0,4901.0,11671,16882,936.815,0.88,0.905,6.025,0.9385,0.021,False,1
1654756559,-21.916,49.78,1360.0,400.0,12974,19395,938.734,1.52,1.57,10.43,1.626,0.037,True,2
1655125279,-2.7927645572071644,46.70526582325174,84.59240511582097,400.0,12787,20665,937.5428683544188,2.190658227906468,2.2706582279064675,15.065265823251742,2.3497240506971147,0.053,False,2
1654784457,26.71,48.6,1356.0,401.0,12978,19394,938.717,1.77,1.84,12.18,1.9,0.043,True,2
1654764338,18.55,51.32,181.0,400.0,13143,19994,939.649,0.74,0.77,5.07,0.7909999999999999,0.018,False,2
1654771405,25.0,50.85,854.0,717.0,12772,19519,939.14,2.27,2.36,15.6,2.4330000000000003,0.055,True,2
1654775488,24.71,52.5,1120.0,487.0,12852,19451,938.922,1.81,1.88,12.46,1.942,0.044,True,2
1654762632,14.5719796506883,55.400203493117,16.406104793509837,400.0,13071,19954,939.7120152619838,0.3859898253441503,0.3959898253441503,2.6399491267207518,0.4111928777409052,0.009,False,2
1654739163,-8.961,50.6,1.0,400.0,13276,20252,939.63,2.33,2.42,16.04,2.502,0.057,True,2
1654768721,20.7,51.27,263.0,400.0,13128,20009,939.502,0.54,0.56,3.73,0.5820000000000001,0.013,True,2
1654715476,28.91314433162797,42.29,197.9716497441956,425.3427834186015,12769,20523,937.4013427834186,1.9967139170930075,2.07,13.720283502558043,2.139042525383706,0.048,False,2
1654767178,21.9,50.15,6.0,400.0,13278,20253,939.638,2.31,2.4,15.91,2.481,0.0559999999999999,True,2
1654784067,24.64,53.14,1360.0,404.0,12964,19387,938.76,2.46,2.56,16.93,2.64,0.06,True,2
1654717488,58.741833707418095,11.18462104208268,1394.9682124251174,1510.8044128244917,12223,17742,936.7226772625248,0.79,0.82,5.4,0.857,0.02,False,2
1654746795,19.958,47.13,1118.0,519.0,12841,19437,938.881,1.77,1.84,12.19,1.9,0.043,True,2
1654735385,22.077,53.57,49.0,400.0,13124,20007,939.628,0.64,0.67,4.42,0.69,0.016,False,2
1654736513,9.331,63.11,0.0,400.0,13457,20348,939.193,2.07,2.15,14.24,2.22,0.05,True,2
1654771226,24.55,50.98,688.0,770.0,12747,19570,939.156,3.03,3.15,12.23,3.249,0.073,True,2
1654748458,12.823,49.38,1019.0,414.0,12883,19479,938.817,1.85,1.92,12.73,1.985,0.045,True,2
1654714108,26.3028655745332,46.27867063806109,126.01329361938916,407.5332340484729,12782,20603,937.3710132936194,1.820265872387783,1.8902658723877828,12.536794638617534,1.955279166007172,0.0445066468096945,False,2
1654784153,26.6,49.18,1339.0,400.0,12971,19380,938.717,1.91,1.98,13.11,2.045,0.046,True,2
1654714823,27.25205686882415,45.03980183554605,150.10704287072576,427.1549285487904,12771,20560,937.3530112715146,1.903324001267737,1.9770141441701563,13.106366579849968,2.043383158460398,0.0462140857414515,False,2
1654713641,25.98,47.37464130083914,80.89311652681083,401.4289864428973,12787,20641,937.4328213766946,1.6235724661072437,1.6917862330536215,11.19143479664346,1.7453938428018811,0.0391786233053621,False,2
1654712474,29.73806211650017,39.43542607379951,32.72869631002454,400.0,12837,20749,937.58841863495,1.9031006135997195,1.98310061359972,13.111704295198036,2.0444106749596918,0.0460775153399929,False,2
1654745084,14.483,53.25,1109.0,616.0,12812,19461,939.089,1.98,2.06,13.66,2.13,0.048,True,2
1654779795,25.57,48.04,1268.0,424.0,12895,19406,938.725,1.64,1.7,11.26,1.756,0.04,True,2
1654764359,20.977643900708557,46.20031464539439,170.86761322187738,400.0,13157,20008,939.6826320032928,0.7973522644375478,0.836910975177139,5.520583272542017,0.8599992330292208,0.0189558710739591,False,2
1654753248,17.361,53.95,1166.0,400.0,12929,19427,938.742,1.46,1.51,10.03,1.565,0.035,True,2
1654750583,15.16,47.94,1212.0,420.0,12887,19425,938.792,1.59,1.65,10.95,1.7080000000000002,0.039,True,2
1655129283,-7.773339912544817,27.421213973374343,341.0,973.2400695750464,11212,16416,936.8648534148284,0.805,0.825,5.45,0.8500000000000001,0.5619267074142356,False,2
1654714612,27.73,46.68,153.0,425.0,12785,20569,937.335,1.89,1.96,13.01,2.028,0.046,False,2
1654769947,20.6,52.16,327.0,400.0,13099,19935,939.337,0.52,0.54,3.56,0.555,0.013,True,2
1654716235,31.58,56.99,2679.0,400.0,13332,19941,936.949,0.81,0.84,5.59,0.872,0.02,False,2
1654775089,26.51,49.65,1097.0,495.0,12851,19452,938.876,1.78,1.85,12.26,1.912,0.043,True,2
1654770935,21.59,58.15,718.0,707.0,12782,19548,939.174,2.19,2.28,15.09,2.353,0.053,True,2
1654903062,21.52,61.62,0.0,1534.0,12894,19928,931.219,1.68,1.74,11.0,1.8,0.043,True,2
1655129255,-5.751,25.67,105.0,542.0,11402,16639,936.865,0.815,0.84,5.56,0.867,0.552,False,2
1654765675,22.11,49.09,116.0,400.0,13224,20107,939.655,2.52,2.61,17.32,2.701,0.061,True,2
1654735417,21.787,47.43,0.0,400.0,13165,20058,939.627,0.88,0.92,6.09,0.949,0.021,False,2
1654771904,23.65,54.33,1004.0,687.0,12779,19486,939.095,2.21,2.3,15.21,2.372,0.054,True,2
1655127024,15.129,48.75,169.0,429.0,12772,20552,937.348,1.77,1.84,12.22,1.905,0.043,False,2
1654780066,26.22,52.18,1168.0,400.0,12930,19435,938.704,1.61,1.67,11.05,1.723,0.039,True,2
1654781200,24.41,53.93,1233.0,417.0,12924,19426,938.72,1.77,1.84,12.21,1.903,0.043,True,2
1654716105,25.42037968541187,53.16897502073323,235.5277284534438,400.0,13054,20915,937.0294749835851,1.6773477975394997,1.7373477975394995,11.537429158699188,1.7992814924779872,0.0409336949384874,False,2
1654712810,27.701114460192237,46.74737482710274,25.002476578204963,400.0,12838,20730,937.4920049531564,2.2000495315640998,2.2900247657820496,15.160222892038448,2.3640346720948693,0.0530024765782049,False,2
1654770929,23.48,55.31,676.0,660.0,12800,19581,939.144,2.0,2.08,13.79,2.151,0.049,True,2
1654736110,14.294138066111518,47.19295230566026,115.64309669442412,400.0,13181,20065,939.6200707099168,1.1523793553705055,1.1923793553705058,7.897845165278793,1.2317362586760816,0.0279999999999999,False,2
1654713889,25.79,47.93,109.0,401.0,12785,20614,937.405,1.9,1.97,13.08,2.04,0.046,False,2
1654761399,12.600200620106042,56.16671005833246,0.0,400.0,12534,19627,939.7183706114351,0.1302006201060416,0.4782648641542837,0.0212688081349414,0.5526289668395951,0.3387904204106496,False,2
1654763886,20.2,48.68,54.0,400.0,13201,20109,939.627,0.76,0.79,5.26,0.82,0.019,False,2
1654764465,18.57,51.73,177.0,400.0,13150,19995,939.655,0.86,0.9,5.95,0.927,0.021,False,2
1654713788,28.81722159057409,41.41000206721208,84.05552684427678,400.0,12792,20640,937.4394443181149,1.8433326442626428,1.9194436979511964,12.689439563527053,1.978888119426618,0.044833316106566,False,2
1655127490,18.439,47.52,189.0,429.0,12769,20532,937.347,1.9,1.97,13.07,2.0380000000000003,0.046,False,2
1654717285,53.499116220692805,22.560511781809875,0.0,596.9744109095061,10980,15723,936.815534889028,0.86,0.8922325554860366,5.924465110972073,0.924669766645811,0.021,False,2
1654753843,10.547,53.15,1208.0,400.0,12963,19422,938.749,2.19,2.27,15.07,2.35,0.053,True,2
1654715333,28.01204037375025,45.761479076873584,194.8175283124993,421.0948301250044,12769,20527,937.32418966025,1.6636494337500147,1.7254741506250222,11.432844903750134,1.7822916789375214,0.0401824716875007,False,2
1654742353,-5.234,54.87,379.0,400.0,13044,19881,939.273,0.45,0.47,3.1,0.483,0.011,True,2
1654784347,26.95,47.89,1321.0,400.0,12978,19402,938.728,1.64,1.7,11.28,1.758,0.04,True,2
1654717741,52.89,12.79,1867.0,400.0,13627,20204,936.682,0.76,0.79,5.22,0.8140000000000001,0.018,False,2
1654903323,36.13,24.19,589.0,514.5,12002,19402,931.028,0.81,0.84,5.56,0.867,0.021,True,2
1654773123,26.77,47.5,1074.0,597.0,12817,19467,939.087,2.04,2.12,14.03,2.187,0.049,True,2
1654764933,20.16,57.56,332.0,400.0,13100,19874,939.679,1.34,1.39,9.22,0.0,0.032,True,2
1654761889,12.6,50.41,39.0,400.0,12795,19778,939.823,0.25,0.26,1.74,0.272,0.006,False,2
1655127651,15.012887952768269,42.55802012635481,196.63366877258025,430.93894479543,12770,20519,937.4249620615224,1.6906105520456995,1.76,11.652442208182798,1.81736633122742,0.0409999999999999,False,2
1654715217,28.303107125651668,44.1242704794431,183.6602035900476,432.3397964099524,12771,20534,937.3263640329474,1.680048473074643,1.743397964099524,11.547038293572264,1.8007232185870836,0.040334949102488,False,2
1654774122,24.44,53.34,1138.0,563.0,12827,19450,938.929,1.93,2.0,13.26,2.069,0.047,True,2
1654714596,25.902878989260387,48.06492353758865,168.1186835123269,435.29670878081726,12770,20550,937.3073055186356,1.8994065824383652,1.97,13.076439494630192,2.0385252659506925,0.046,False,2
1654761688,13.437258444667162,53.609190887329866,1.2729470051205831,400.0,12700,19745,939.8098164239592,0.0763647350256029,0.1027294700512058,0.4481884101536175,0.110910629035844,0.0265458940102411,False,2
1654774082,26.91,47.38,1082.0,557.0,12830,19457,938.963,2.03,2.11,13.98,2.1790000000000003,0.049,True,2
1654751705,19.661,48.24,1228.0,403.0,12913,19424,938.701,1.93,2.01,13.31,2.075,0.047,True,2
1654776577,24.57,53.21,1109.0,433.0,12868,19453,938.826,2.03,2.11,13.95,2.175,0.049,True,2
1654757074,-18.253,53.11,1413.0,420.0,12965,19367,938.722,1.77,1.83,12.15,1.895,0.043,True,2
1654780644,24.82,52.39,1230.0,408.0,12920,19424,938.682,1.67,1.73,11.47,1.789,0.04,True,2
1654717520,57.04571513477522,11.982142432612388,1270.4183976705438,400.0,12837,18597,936.7085612265112,2.932660743204405,0.83,5.453775469772609,3.3792947709357195,0.993589313810764,False,0
1654733816,25.24780736998971,50.05184173249078,37.81869666715652,400.0,12754,19753,939.8415495733371,0.2126912332990433,0.2226912332990432,1.456090766407042,0.2276855699603215,0.0053626066656869,False,2
1654737965,-6.268,48.67,32.0,400.0,13255,20190,939.654,2.05,2.13,14.13,2.204,0.05,True,2
1654755166,-10.578,53.9,1329.0,400.0,12963,19393,938.728,1.49,1.55,10.25,1.598,0.036,True,2
1654742402,-5.2410000000000005,52.81,390.0,400.0,13040,19879,939.277,0.37,0.38,2.54,0.395,0.009,True,2
1654769300,19.09,51.69,313.0,400.0,13104,19949,939.408,0.48,0.49,3.27,0.51,0.012,True,2
1654735081,24.49367472215577,54.09975833532688,36.14458331909371,400.0,13124,20019,939.6045180556032,0.6714458331909371,0.700963888793958,4.618674999145623,0.7193976387512392,0.0160481944396979,False,2
1655124409,24.909039476675588,39.08078946461944,36.81578929238864,421.9210535380568,12859,20763,937.603460526769,2.3518421070761137,2.4418421070761136,16.183815803070853,2.523302633845142,0.057,False,2
1654780476,24.52,53.64,1226.0,413.0,12911,19411,938.712,1.47,1.53,10.11,1.5759999999999998,0.036,True,2
1654781868,26.36,49.91,1004.0,400.0,13001,19476,938.751,1.92,1.99,13.19,2.057,0.046,True,2
1654763055,17.89290728683331,54.04614651156263,0.0,400.0,13160,20068,939.6302718046512,0.6372819534875016,0.6597092713166689,4.373400992241679,0.6814956124020852,0.0152427317829167,False,2
1654784686,26.03,52.66,1295.0,400.0,12986,19402,938.697,1.59,1.65,10.92,1.704,0.038,True,2
1654755983,-20.178,48.34,1402.0,421.0,12954,19374,938.755,2.06,2.14,14.2,2.214,0.05,True,2
1654776184,27.01,47.38,1111.0,442.0,12871,19460,938.854,1.87,1.95,12.89,2.011,0.045,True,2
1654714382,28.49,42.31,116.0,400.0,12792,20600,937.332,1.65,1.71,11.35,1.77,0.04,False,2
1654743040,-4.261,53.7,847.0,944.0,12650,19512,939.173,2.42,2.51,16.66,2.597,0.059,True,2
1654771674,23.08,56.07,946.0,696.0,12784,19504,939.096,2.41,2.5,16.58,2.585,0.0579999999999999,True,2
1654735862,17.18714830006968,53.55463708668386,61.5394260748381,400.0,13188,20109,939.6297697130374,0.9776971303741904,1.0176971303741906,6.723879912619333,1.0484668434116096,0.0233848565187095,False,2
1655124867,18.287,46.5,65.0,407.0,12823,20699,937.484,2.05,2.13,14.13,2.204,0.05,False,2
1655125677,-8.693556668420602,40.8461552901141,61.42016277274161,400.0,12789,20663,937.4653907324772,1.954852848522978,2.034852848522978,13.483969939660849,2.102338133375276,0.0477100813863708,False,2
1654749462,12.209,53.34,1195.0,416.0,12877,19430,938.766,1.73,1.8,11.91,1.857,0.042,True,2
1654717655,53.18,57.36,3007.0,400.0,13509,19906,936.692,0.7,0.73,4.81,0.75,0.017,False,2
1654753140,18.19,49.26,1164.0,400.0,12933,19442,938.713,1.88,1.95,12.93,2.016,0.046,True,2
1654739611,-7.784,53.72,181.0,400.0,13157,20076,939.637,0.98,1.02,6.73,1.05,0.024,True,2
1654715018,25.903914066120613,48.54949518116735,178.1237379529184,437.5050481883265,12768,20539,937.4447626204708,1.2337121385875514,1.2837121385875514,8.492272831525309,1.323588400634633,0.03,False,2
1654733525,22.552148936906843,49.66046253052655,10.160962008100782,405.7816835141764,12596,19677,939.806540240502,0.7456336702835274,1.8117298710936056,2.5175855698784884,2.039569832761697,1.0246937957898263,False,0
1654761460,12.74,56.13,0.0,400.0,12565,19663,939.806,0.02,0.05,0.03,0.055,0.032,False,2
1654716516,43.06815502864556,31.45387571613912,1005.3153752350756,400.0,12947,19421,936.8828893017188,0.3988930171873389,0.4088930171873389,2.7318821260404853,0.4257454194789841,0.0099631005729112,False,2
1655125761,-7.640726820635732,47.26393423919927,80.0,400.0,12785,20639,937.4291311413068,1.6393442934667894,1.7028961956445263,11.286065760800737,1.760699483684563,0.0396448097822263,False,2
1655126314,-5.038,45.17,132.0,400.0,12795,20590,937.366,1.89,1.97,13.03,2.032,0.046,False,2
1654757058,-18.454,47.8,1381.0,411.0,12983,19393,938.698,1.67,1.73,11.48,1.791,0.04,True,2
1655126395,-5.241782081017731,41.41196145073296,119.7094413569731,400.0,12786,20605,937.3375084776252,1.8803391050118827,1.951791898227017,12.951647338475611,2.019082456870044,0.045508477625297,False,2
1655126015,-4.308,44.23,97.0,400.0,12792,20629,937.405,1.91,1.98,13.13,2.047,0.046,False,2
1654733857,25.52297960222065,56.74428966433258,1.4413694162490456,400.0,12808,19806,939.8393517835024,0.2386890120561879,0.2453095532999236,1.5997888489870895,0.2575164003811688,0.010517117703113,False,2
1654734311,27.106,52.59,3.0,400.0,13030,19946,939.756,0.15,0.15,1.03,0.16,0.004,False,2
1654763561,17.72,51.65,12.0,400.0,13190,20109,939.604,0.87,0.9,5.97,0.931,0.021,False,2
1655129872,-9.341350804062849,13.401139047116574,1755.2620417561084,400.0,13639,20228,936.7086231445394,0.7913102087805418,0.8213102087805418,5.438352012855462,0.8479166916499854,0.0194425931477774,False,2
1655126854,17.605022828717285,45.38350065888324,146.3742444208583,412.7484888417166,12779,20567,937.3211227332628,1.86,1.93,12.81,1.998,0.045,False,2
1655125193,1.164013863095145,40.58130901677261,74.36060451609606,400.0,12789,20668,937.5620818135484,2.1103272541931526,2.1936060451609607,14.521963525158917,2.264638770580276,0.0513442418064384,False,2
1654750426,14.583,53.57,1145.0,400.0,12895,19442,938.8,2.14,2.22,14.73,2.296,0.052,True,2
1654717919,46.23,15.72,622.0,400.0,13727,20577,936.638,0.48,0.5,3.33,0.519,0.012,False,2
1654712454,28.93,42.2,21.0,403.0,12847,20771,937.581,1.71,1.78,11.8,1.839,0.042,False,2
1654781335,26.72,48.65,1168.0,400.0,12933,19432,938.729,1.63,1.69,11.2,1.746,0.039,True,2
1654752707,20.297,53.73,1247.0,407.0,12916,19415,938.684,2.0,0.0,13.76,2.146,0.048,True,2
1654715475,28.88366504101801,42.35831219410397,192.8614634316004,419.9307317158002,12771,20524,937.4021977235122,1.935050406702005,2.0114861790880054,13.315352846914031,2.0761990246108053,0.0472871544772001,False,2
1655126874,8.200183627796394,42.13229611238842,162.4797401848081,436.05402617384505,12771,20562,937.3164797401848,1.7902701308692253,1.855337663586532,12.322161046953802,1.921337663586532,0.0435067532717306,False,2
1655126840,6.558150562965626,48.53273810004285,155.59383764806705,431.7107841158827,12768,20564,937.324390756472,1.96,2.0310154058798324,13.465077029399165,2.099710784115883,0.0471015405879832,False,2
1654766504,19.67,54.91,48.0,400.0,13233,20167,939.685,2.17,2.26,14.94,2.33,0.053,True,2
1655129086,6.291849001137171,18.343508404478644,0.0,400.0,13652,21381,936.8046885505598,1.1966228988803391,1.2433114494401698,8.226425943841868,1.2836294640482886,0.0289999999999999,False,2
1654770779,19.97,64.65,654.0,563.0,12854,19600,939.197,3.01,3.12,15.655,3.225,0.073,True,2
1654716906,46.28883990476965,16.48209148298877,73.63970816376309,400.0,13550,21087,936.8153954258506,0.8739542585056137,0.9124428231320172,6.041634068044909,0.9422916795946574,0.0208488564626403,False,2
1654714402,26.81,43.34,140.0,420.0,12772,20579,937.343,1.53,1.59,10.54,1.643,0.037,False,2
1654904141,33.68,16.83,0.0,728.0,13154,20934,930.91,1.16,1.2,7.95,1.24,0.0279999999999999,True,2
1655124615,26.61208334691337,45.24067060253142,38.77438925024166,404.81199104186805,12836,20746,937.55361687704,2.198495928334945,2.2881199104186805,15.149095480428349,2.36323271579356,0.0529623982083736,False,2
1654778612,24.62,53.19,1159.0,400.0,12895,19434,938.788,1.44,1.5,9.93,1.5490000000000002,0.035,True,2
1654734629,26.736201015951863,54.35327527544924,0.0,400.0,13097,19976,939.7186927914923,0.388268021269151,0.4041340106345755,2.669608127614906,0.4164412191422358,0.0094134010634575,False,2
1654773242,26.83,47.53,1090.0,603.0,12808,19456,939.041,2.02,2.1,13.9,2.168,0.049,True,2
1654734451,27.081535852679966,54.822112410407456,32.44718973981354,400.0,13048,19938,939.75862451562,0.354641473200339,0.364641473200339,2.442490312402373,0.3801056205203729,0.0082320736600169,False,2
1654735132,24.139,51.47,64.0,400.0,13108,19989,939.63,0.62,0.65,4.29,0.6679999999999999,0.015,False,2
1654714541,25.790959434800108,48.19109465213308,164.53423478221978,427.7191456511044,12777,20549,937.3236986478266,1.815547326066539,1.884382913022088,12.48999569551022,1.947451382586528,0.0443013521733296,False,2
1655128444,18.27230273777305,49.00086599490924,1097.5891930858938,400.0,13114,19586,936.894294596543,0.43,0.45,2.97294596542947,0.4635891930858938,0.01,False,2
1654754311,3.344,52.24,1354.0,422.0,12946,19381,938.688,1.91,1.98,13.14,2.05,0.046,True,2
1654737575,-2.968,52.31,119.0,400.0,13219,20098,939.649,2.01,2.08,13.8,2.153,0.049,True,2
1654775622,24.45,53.36,1186.0,495.0,12854,19434,938.906,1.99,2.07,13.72,2.14,0.048,True,2
1654781756,26.74,48.34,1266.0,400.0,12946,19409,938.761,1.94,2.02,13.35,2.082,0.047,True,2
1654741061,-4.081,49.73,290.0,400.0,13117,19980,939.42,0.45,0.46,3.08,0.48,0.011,True,2
1654715022,25.82,48.8,188.0,438.0,12767,20529,937.425,1.2,1.25,8.27,0.0,0.0289999999999999,False,2
1655124878,17.73163889852231,41.668461360016025,50.91851079451323,400.0,12840,20719,937.4893853164932,1.752444676164603,1.8216297841097355,12.082223380823017,1.8847927625207088,0.043,False,2
1654774761,25.0,51.07,1212.0,534.0,12841,19433,938.881,1.76,1.83,12.14,1.893,0.043,True,2
1654713239,28.7,41.95,53.0,400.0,12794,20686,937.492,1.99,2.07,13.69,2.136,0.048,False,2
1654766954,20.66,49.31,70.0,400.0,13231,20192,939.743,2.46,2.55,16.92,2.639,0.06,True,2
1654716904,46.27008128568706,16.49504064284353,54.51219285305969,400.0,13554,21097,936.812772353564,0.944715500095274,0.984715500095274,6.523089786353983,1.0169512751000378,0.0229918714312935,False,2
1654713897,28.408813638844048,42.82562820967197,111.64689398073416,403.64689398073415,12786,20615,937.416028958447,1.8635310601926585,1.9335310601926583,12.796482951444938,1.9951489957263735,0.0450882765048164,False,2
1654743084,-4.098,53.3,705.0,861.0,12698,19549,939.121,2.53,2.63,17.45,2.721,0.061,True,2
1654713293,28.25903718751988,44.03873427874524,91.17606490338744,400.0,12795,20646,937.5341760649034,2.057840432689249,2.137840432689249,14.172723461513996,2.2104085192271,0.05,False,2
1654763798,18.13,51.84,10.0,400.0,13208,20148,939.636,1.23,1.28,8.49,1.324,0.03,False,2
1654733609,23.455,56.57,2.0,400.0,12637,19695,939.793,0.16,0.25,0.85,0.278,0.093,False,2
1654766085,21.01,54.4,45.0,400.0,13250,20171,939.654,2.37,2.46,16.3,2.541,0.057,True,2
1654772483,26.54,47.83,1005.0,646.0,12802,19471,939.064,2.17,2.26,14.95,2.331,0.053,True,2
1654736362,11.214,45.05,174.0,400.0,13144,19994,939.672,0.79,0.82,5.45,0.8490000000000001,0.019,False,2
1654715319,25.92,48.65,212.0,442.0,12770,20520,937.377,1.45,1.5,9.96,1.5530000000000002,0.035,False,2
1654712745,26.4,46.49,49.0,400.0,12831,20708,937.494,2.06,2.14,14.19,2.213,0.05,False,2
1654717444,59.73747168150838,11.557584955474844,1326.23017705587,3100.591150689028,11963,17459,936.7274176106164,0.8,0.82,5.425823893836128,0.86,0.02,False,1
1655124925,15.416,46.57,67.0,400.0,12830,20692,937.497,2.2,2.29,15.16,2.365,0.053,False,2
1654717412,57.143047221968295,13.069403030580046,1220.7549747451662,400.0,11410,16836,936.7083308586645,0.8012251262741686,0.83,5.48,0.866,0.02,False,2
1654774826,24.79,52.16,1176.0,527.0,12844,19447,938.871,2.34,2.43,16.12,2.513,0.057,True,2
1654734530,26.971,50.69,17.0,400.0,13070,19943,939.753,0.5,0.51,3.41,0.532,0.012,False,2
1654755239,-11.663,49.65,1321.0,400.0,12967,19400,938.739,1.81,1.88,12.44,1.94,0.044,True,2
1654781319,24.44,53.92,1153.0,402.0,12930,19449,938.756,1.55,1.61,10.68,1.666,0.038,True,2
1654765654,20.01,53.3,112.0,400.0,13220,20098,939.641,1.98,2.06,13.65,2.129,0.048,True,2
1654755715,-17.755,51.68,1325.0,400.0,12971,19397,938.74,1.83,1.91,12.63,1.969,0.044,True,2
1654755530,-15.62,54.13,1392.0,410.0,12962,19382,938.691,1.75,1.82,12.06,1.88,0.042,True,2
1654746122,20.749,48.23,1015.0,538.0,12837,19474,938.937,2.14,2.22,14.71,2.294,0.052,True,2
1654737966,-6.275,48.57,32.0,400.0,13252,20179,939.653,2.02,2.1,13.92,2.17,0.049,True,2
1654768187,20.67,53.09,207.0,400.0,13155,20064,939.609,0.52,0.54,3.56,0.556,0.013,True,2
1654746772,20.03,53.4,1069.0,500.0,12850,19460,938.88,1.93,2.0,13.26,2.068,0.047,True,2
1655129268,-6.688355853219804,27.082298116844026,325.30641557920364,759.3029577728802,11349,16566,936.869231194807,0.8071796645028885,0.8271796645028884,5.471796645028884,0.8534874632046214,0.556,False,2
1654749700,12.574000000000002,53.13,1178.0,404.0,12882,19432,938.755,1.73,1.79,11.89,1.854,0.042,True,2
1654767731,21.7,48.86,180.0,400.0,13170,20089,939.669,0.85,0.88,5.85,0.912,0.021,True,2
1654752316,20.792,47.52,1186.0,400.0,12921,19422,938.704,1.78,1.85,12.25,1.91,0.043,True,2
1654745849,20.043,51.11,1097.0,575.0,12817,19455,938.969,1.66,1.73,11.43,1.783,0.04,True,2
1654741405,-4.253,55.16,320.0,400.0,13105,19944,939.396,0.36,0.37,2.46,0.384,0.009,True,2
1654779938,24.51,53.69,1230.0,400.0,12909,19427,938.732,1.64,1.71,11.32,1.765,0.04,True,2
1654764327,18.82,49.86,180.0,400.0,13143,19999,939.646,0.92,0.95,6.32,0.986,0.022,False,2
1654763930,17.96,53.25,69.0,400.0,13191,20101,939.634,0.86,0.89,5.92,0.923,0.021,False,2
1654742113,-5.088,51.09,346.0,400.0,13080,19909,939.29,0.23,0.24,1.62,0.252,0.006,True,2
1654757692,-5.461,54.09,1277.0,400.0,13005,19416,938.785,1.89,1.96,13.01,2.029,0.046,True,2
1654776974,25.99,47.08,1243.0,447.0,12861,19417,938.815,1.7,1.77,11.69,1.823,0.0409999999999999,True,2
1654773630,24.55,52.66,1009.0,577.0,12827,19479,939.036,1.55,1.61,10.65,1.66,0.037,True,2
1655128731,20.58608252026048,24.112981368186134,687.16504052096,679.9724932465067,12670,18908,936.9031881098044,0.7524312331162667,0.7824312331162667,5.198234248372,0.8107959180837067,0.0181215616558133,False,2
1654772627,24.13,53.71,986.0,622.0,12811,19485,939.078,2.3,2.39,15.82,2.467,0.0559999999999999,True,2
1655128630,20.666,30.13,392.0,400.0,12950,19456,936.888,0.27,0.28,1.86,0.29,0.0069999999999999,False,2
1654782627,24.64,52.99,1333.0,410.0,12955,19399,938.695,1.89,1.96,12.99,2.026,0.046,True,2
1654715044,28.60755372124629,42.83556079643917,170.1109800890208,421.1109800890208,12774,20554,937.4283556079644,1.79,1.86,12.336443920356084,1.9242887840712168,0.043,False,2
1654751728,19.734,51.3,1231.0,413.0,12904,19415,938.714,1.54,1.6,10.62,1.6569999999999998,0.037,True,2
1654784345,26.9,48.01,1300.0,400.0,12976,19407,938.729,1.63,1.69,11.2,1.747,0.039,True,2
1655125884,-5.782,47.54,95.0,401.0,12776,20621,937.443,1.9,1.97,13.07,2.0380000000000003,0.046,False,2
1654749097,11.997,52.81,1172.0,415.0,12873,19444,938.812,1.97,2.05,13.55,2.113,0.048,True,2
1654736213,13.041137660013124,52.2178898719895,132.78898719894994,400.0,13161,20036,939.6478991152094,0.9478898719894994,0.9878898719894994,6.551284167931746,1.0212843655889745,0.023,False,2
1654756249,-21.639,54.14,1398.0,419.0,12972,19392,938.757,1.6,1.66,11.02,1.7180000000000002,0.039,True,2
1655124795,21.450775738195716,45.56229848370611,61.87749401462935,400.0,12825,20704,937.5375574620926,2.2525259377080684,2.343750997561775,15.516456504102772,2.420118515517887,0.0547825219463589,False,2
1654735279,22.99290302864706,52.56696017295141,47.0,400.0,13141,20013,939.5999131655446,0.5459623841582136,0.5659623841582136,3.760101368975651,0.586664264950303,0.0134327064026368,False,2
1655124741,23.508000000000003,45.96,50.0,400.0,12835,20720,937.508,1.68,1.74,11.56,1.802,0.0409999999999999,False,2
1654713651,27.652467800362,46.46256655881933,75.0,400.0,12794,20645,937.4279420600028,1.7435364800222768,1.8135364800222769,12.018291840178216,1.873420600027846,0.0425884120005569,False,2
1654768609,20.84,50.68,251.0,400.0,13132,20009,939.527,0.46,0.47,3.14,0.49,0.011,True,2
1655124338,21.80861138717012,39.92405100003352,28.988305127259903,444.0749615371726,12864,20762,937.608456671795,1.93,2.007283358975218,13.277283358975218,2.0707283358975217,0.047,False,2
1654745203,15.618,53.13,1117.0,615.0,12807,19445,939.036,2.1,2.18,14.46,2.254,0.051,True,2
1654755252,-11.853,47.94,1346.0,400.0,12963,19387,938.755,1.93,2.01,13.3,2.074,0.047,True,2
1654781840,24.98,51.07,1224.0,400.0,12947,19419,938.751,2.09,2.17,14.37,2.241,0.051,True,2
1654771338,24.73,51.51,791.0,721.0,12772,19542,939.131,2.65,2.75,18.22,2.842,0.064,True,2
1654764518,18.85,51.21,181.0,400.0,13169,19981,939.624,1.84,1.92,12.69,1.979,0.045,False,2
1654778904,24.8,52.34,1151.0,401.0,12898,19443,938.731,1.45,1.51,9.97,1.555,0.035,True,2
1654743352,-2.766,56.52,833.0,719.0,12770,19522,939.136,2.26,2.35,15.59,2.431,0.055,True,2
1654765655,19.97,53.4,119.0,400.0,13216,20099,939.651,2.01,2.08,13.8,2.153,0.049,True,2
1654763758,17.64,53.6,47.0,400.0,13192,20115,939.616,1.07,1.11,7.38,1.15,0.026,False,2
1654714233,26.05459941475744,47.13806071696124,132.0088149229035,409.2035259691614,12775,20583,937.3394246817842,1.8641586686122624,1.9401762984580695,12.837075420594225,2.0017692465197467,0.0452035259691613,False,2
1654756263,-21.686,48.85,1302.0,400.0,12974,19401,938.719,1.73,1.8,11.93,1.86,0.042,True,2
1654712826,29.22,40.7,60.0,423.0,12812,20699,937.49,2.16,2.24,14.85,2.316,0.052,False,2
1654713382,27.09,42.64,121.0,428.0,12770,20615,937.461,1.93,2.0,13.26,2.068,0.047,False,2
1654782206,24.68,52.54,1362.0,424.0,12948,19396,938.697,1.88,1.95,12.92,2.014,0.045,True,2
1654752234,20.757,52.33,1105.0,400.0,12930,19453,938.708,1.85,1.92,12.7,1.981,0.045,True,2
1655129768,-17.9595098694662,12.765791883488768,3329.710405825562,400.0,13476,19831,936.6908381493648,0.7709711038102844,0.7961329544453317,5.287121427942085,0.8241005843183223,0.0185161850635047,False,2
1655127379,20.248699545318907,48.67808468318407,203.22605853980085,445.0,12767,20527,937.37677394146,1.615478829203983,1.6850267121243812,11.139256038587083,1.7372075589562217,0.0389095765840796,False,2
1655125369,-6.172250768732003,40.969997024263215,71.25007439341967,400.0,12785,20665,937.507749727224,1.915000495956131,1.9925007439341968,13.19000396764905,2.056750619945164,0.0467500247978065,False,2
1654733869,25.60385393572548,50.06292128549042,12.524344045753518,400.0,12815,19802,939.8143782797712,0.1895131190849296,0.1995131190849296,1.291835274052043,0.2019887750391761,0.0044756559542464,False,2
1654746774,20.024,51.65,1059.0,498.0,12851,19455,938.882,1.89,1.96,12.99,2.025,0.046,True,2
1654782813,24.51,53.47,1331.0,400.0,12961,19390,938.732,1.9,1.97,13.06,2.037,0.046,True,2
1654762940,17.888960525664533,51.89526974954157,0.0,400.0,13146,20044,939.609,0.5055197371677326,0.5255197371677326,3.498638160174128,0.5456236846012791,0.012,False,2
1654756379,-21.957,49.71,1331.0,400.0,12979,19402,938.708,1.73,1.8,11.94,1.862,0.042,True,2
1654903554,41.31,13.84,197.0,4351.0,12371,19913,930.903,0.89,0.92,6.12,0.955,0.022,True,1
1654747817,15.321,47.01,1180.0,475.0,12856,19438,938.922,2.06,2.14,14.19,2.212,0.05,True,2
1654744872,12.305,47.74,1076.0,617.0,12817,19470,939.056,2.43,2.52,16.72,2.607,0.059,True,2
1654739049,-9.137,49.44,34.0,400.0,13256,20225,939.67,2.34,2.43,16.08,2.507,0.057,True,2
1654750880,16.352999999999998,47.31,1161.0,402.0,12893,19441,938.732,1.34,1.39,9.23,1.44,0.033,True,2
1654764411,20.649256920768195,49.06786046960043,128.36168328508003,400.0,13178,20042,939.6581915835744,0.9418084164254,0.9718084164254002,6.4526589149778015,1.0069892580679405,0.023,False,2
1654767558,19.81,51.97,177.0,400.0,13165,20089,939.69,0.92,0.95,6.31,0.984,0.022,True,2
1654734038,26.47958943546921,50.314684879288826,13.647358867302488,400.0,12918,19870,939.772940376354,0.2405962364613997,0.2505962364613996,1.632401948326073,0.2549488775940972,0.0057649059115349,False,2
1655125810,-6.898837461490958,46.16982559047199,83.61248716365255,400.5224974327305,12786,20644,937.4298650154036,2.1404499486546102,2.2204499486546103,14.73314964058227,2.2969724460873406,0.052,False,2
1654755988,-20.215,51.61,1339.0,408.0,12969,19396,938.744,1.84,1.91,12.67,1.976,0.045,True,2
1655129000,11.822196435656457,16.791752227714714,237.28672817149877,400.0,13499,20920,936.8387132718284,1.748884945999727,1.8187256525711168,12.061557448283647,1.8806937938853945,0.0429681413142779,False,2
1654746888,19.64,53.22,1117.0,512.0,12844,19447,938.873,1.98,2.05,13.61,2.122,0.048,True,2
1654744767,11.172,48.82,0.0,637.0,12796,19458,939.086,2.11,2.19,14.49,2.259,0.051,True,2
1654768617,21.01,49.98,265.0,400.0,13129,20015,939.494,0.53,0.55,3.64,0.5670000000000001,0.013,True,2
1654756106,-20.981,50.63,1360.0,418.0,12962,19382,938.722,1.74,1.81,11.96,1.866,0.042,True,2
1654738677,-9.192,51.34,9.0,400.0,13262,20229,939.718,2.45,2.55,16.87,2.631,0.059,True,2
1654772588,26.37,48.43,1028.0,630.0,12807,19476,939.097,2.49,2.59,17.13,2.6710000000000003,0.06,True,2
1654713749,26.35699539125575,46.14069287229572,97.01767416908382,408.99116291545806,12781,20626,937.4212209271136,1.7606185959179337,1.8306185959179335,12.15388831719844,1.894609758833392,0.0430088370845419,False,2
1654785892,26.46,49.53,1348.0,414.0,12989,19390,938.766,1.79,1.86,12.35,1.926,0.044,True,2
1654772309,26.5,47.87,1032.0,659.0,12798,19477,939.067,2.14,2.22,14.71,2.294,0.052,True,2
1654756101,-20.953000000000003,47.58,1325.0,400.0,12970,19387,938.718,1.79,1.86,12.34,1.924,0.043,True,2
1654783329,26.99,47.7,1367.0,408.0,12964,19394,938.739,1.96,2.04,13.49,2.104,0.048,True,2
1654737152,1.544,50.01,173.0,400.0,13204,20041,939.674,2.04,2.12,14.02,2.186,0.049,True,2
1654767825,20.8,53.81,171.0,400.0,13175,20099,939.644,0.67,0.69,4.59,0.716,0.016,True,2
1654780713,24.59,53.42,1201.0,408.0,12920,19424,938.691,1.81,1.88,12.48,1.947,0.044,True,2
1654785338,24.37,54.14,1394.0,408.0,12979,19379,938.759,1.66,1.73,11.44,1.784,0.04,True,2
1654768439,21.01,50.25,240.0,400.0,13137,20033,939.559,0.39,0.4,2.68,0.418,0.009,True,2
1654775053,27.15,46.88,1076.0,499.0,12847,19455,938.881,2.14,2.22,14.7,2.292,0.052,True,2
1654715387,25.75,49.16,200.0,426.0,12774,20521,937.385,1.64,1.7,11.26,1.756,0.04,False,2
1654777893,24.58,53.25,1174.0,420.0,12886,19431,938.766,1.74,1.81,11.96,1.865,0.042,True,2
1654763961,20.74,46.67298502083335,60.0,400.0,13206,20118,939.6487014979168,0.9,0.93,6.182126872395831,0.9634253744791662,0.022,False,2
1654783681,26.87,48.14,1325.0,400.0,12968,19395,938.714,2.01,2.09,13.85,2.16,0.049,True,2
1654767790,21.62,48.98,187.0,400.0,13159,20073,939.645,1.0,1.04,6.9,1.0759999999999998,0.024,True,2
1654785060,26.8,48.38,1331.0,401.0,12979,19389,938.711,1.82,1.89,12.5,1.949,0.044,True,2
1654766517,22.02,49.52,32.0,400.0,13247,20185,939.698,2.58,2.68,17.78,2.772,0.063,True,2
1654752257,20.771,47.53,1199.0,400.0,12918,19427,938.687,1.86,1.93,12.78,1.993,0.045,True,2
1654903756,37.41,15.49,0.0,762.0,13208,20810,930.901,0.98,1.02,6.75,1.052,0.024,True,2
1654748893,12.084,47.42,1140.0,410.0,12879,19455,938.824,1.93,2.0,13.28,2.07,0.047,True,2
1654765032,22.66,49.49,287.0,400.0,13127,19933,939.681,1.64,1.7,11.28,1.759,0.04,True,2
1655124965,13.284024340150424,43.9537816265566,51.56573157043491,447.0199395034778,12793,20708,937.5001713421478,2.148485973556524,2.238485973556524,14.803744499191316,2.309203107771306,0.0522828657852174,False,2
1654769327,20.18,54.76,288.0,400.0,13122,19972,939.403,0.27,0.28,1.83,0.285,0.006,True,2
1654715369,26.23131161186264,47.6815951007978,195.0262322372528,429.0524644745056,12766,20532,937.3481311611862,1.883683096496704,1.9571038706208796,12.9592024496011,2.0213934835587914,0.0453420774124175,False,2
1654735577,20.24589236666729,50.72015650002806,0.0,400.0,13227,20176,939.6186297455556,0.9737025444442364,1.01,6.68221526666542,1.0419620355553891,0.0233702544444236,False,2
1655129836,-13.015999999999998,13.79,1900.0,400.0,13636,20188,936.679,0.91,0.95,6.27,0.977,0.022,False,2
1654743621,-0.816,51.02,870.0,685.0,12789,19513,939.069,2.1,2.18,14.43,2.25,0.051,True,2
1654771218,24.38,51.36,693.0,787.0,12733,19568,939.161,3.27,3.4,12.2,3.511,0.079,True,2
1654737045,2.793,54.11,253.0,400.0,13140,19958,939.676,1.26,1.31,8.69,1.355,0.031,True,2
1654761687,13.357494122051996,54.29393460626225,0.0,400.0,12698,19744,939.8157868846458,0.0820374724405928,0.1080562086608892,0.4762060984232606,0.1176487141727707,0.0282131153542074,False,2
1654733949,26.064,56.95,0.0,400.0,12852,19816,939.839,0.19,0.19,1.28,0.2,0.005,False,2
1654751964,20.364,48.91,1308.0,432.0,12899,19402,938.738,1.48,1.54,10.21,1.592,0.036,True,2
1655126080,-4.082429171372038,42.4172508469668,91.0,400.0,12784,20631,937.3874165725592,1.9757082862796227,2.0557082862796228,13.61995800395736,2.1242791149075853,0.048,False,2
1654717817,48.40563021405632,14.9862800779222,1277.258424400307,400.0,13677,20351,936.6701094094728,0.6571969370511777,0.6841750551566024,4.515269149885367,0.7044991252406353,0.015604376378915,False,2
1654734440,27.09108867510449,49.55507476776392,11.443375522468315,400.0,13052,19938,939.743581198328,0.3264529958202535,0.3455662447753168,2.272510717606964,0.3546549198798105,0.0079113248955063,False,2
1654763257,19.39,47.18,57.0,400.0,13122,19994,939.625,0.64,0.66,4.39,0.685,0.015,False,2
1654714195,28.12,43.94,122.0,400.0,12788,20585,937.348,1.82,1.89,12.54,1.956,0.044,False,2
1654777414,24.55,53.27,1141.0,408.0,12878,19432,938.775,1.96,2.03,13.47,2.101,0.047,True,2
1654738401,-8.587,48.19,43.0,400.0,13245,20179,939.673,2.31,2.4,15.89,2.478,0.0559999999999999,True,2
1655125061,8.104874867735868,41.44218716933967,64.28980019513439,432.6128285993049,12783,20690,937.5464203996096,1.8974111459235403,1.9774111459235404,13.079621449478685,2.039700946118675,0.0458384857979147,False,2
1654717289,53.46682419626919,22.76236294403779,0.0,588.5170135442734,11032,15774,936.8166351607462,0.86,0.89,5.9095274111924425,0.9219527411192444,0.021,False,2
1654768472,18.53,56.1,248.0,400.0,13126,20017,939.532,0.4,0.41,2.73,0.426,0.01,True,2
1654762110,15.096569592948176,50.39,16.238401175304233,400.0,12948,19886,939.76710463953,0.2344768023506084,0.2344768023506084,1.5813376164542594,0.2469244825856693,0.0054476802350608,False,2
1655129511,-20.13488500526805,13.343993476470914,2041.65955677542,400.0,10814,16127,936.778262479614,0.830218733011643,0.850437466023286,5.549921492761968,0.9015546832529108,0.0209781266988357,False,2
1654733351,20.302375743037665,50.04436810036455,0.0,400.0,12487,19467,939.7387506368894,0.3393723462940571,1.4293638544350395,0.0,1.6559244968408795,1.053241720437458,False,0
1655126423,-5.211799701457135,47.97600682383691,127.59982940407733,409.99978675509664,12786,20591,937.3413995308612,1.734001705959227,1.7980012794694202,11.916011088734974,1.858601748608208,0.0416000426489806,False,2
1654743433,-2.24,54.25,829.0,701.0,12777,19520,939.132,2.44,2.54,16.81,2.6210000000000004,0.059,True,2
1654783396,25.28,49.17,1412.0,426.0,12947,19368,938.748,1.94,2.01,13.35,2.081,0.047,True,2
1654784079,24.38,54.0,1348.0,407.0,12965,19388,938.745,1.9,1.98,13.08,2.04,0.046,True,2
1654764102,18.26,52.03,119.0,400.0,13172,20055,939.631,0.96,1.0,6.61,1.031,0.023,False,2
1655125114,5.249985752629423,43.99550782196516,13.023709264355428,402.89159921154425,12796,20709,937.5372168015768,2.066747976346327,2.146747976346327,14.227235834424286,2.218699874178073,0.0501686994086581,False,2
1654747892,14.965,51.93,1161.0,483.0,12854,19434,938.882,2.16,2.24,14.87,2.318,0.052,True,2
1654757255,-15.542,53.33,1385.0,413.0,12970,19374,938.738,1.65,1.71,11.32,1.766,0.04,True,2
1654778848,24.69,52.95,1126.0,400.0,12900,19447,938.756,1.53,1.59,10.52,1.641,0.037,True,2
1654775333,26.69,48.42,1078.0,490.0,12853,19457,938.918,1.61,1.67,11.07,1.726,0.039,True,2
1654753222,17.572,47.48,1254.0,426.0,12916,19417,938.738,1.62,1.69,11.16,1.741,0.039,True,2
1654780845,26.02,53.19,1220.0,400.0,12933,19430,938.705,2.02,2.1,13.92,2.171,0.049,True,2
1654774206,27.05,47.12,0.0,528.0,12840,19467,938.913,1.92,2.0,13.24,2.064,0.047,True,2
1654762274,15.580277663291172,50.95368109936693,0.0,400.0,13019,19937,939.755255784652,0.2575347079113965,0.2675347079113965,1.7826966781645803,0.278530080189877,0.0062511569303798,False,2
1654740441,-5.005,50.79,252.0,400.0,13119,20013,939.538,0.51,0.53,3.52,0.5489999999999999,0.012,True,2
1654734679,26.584,56.06,1.0,400.0,13099,19993,939.706,0.62,0.65,4.28,0.6679999999999999,0.015,False,2
1654775127,24.78,52.33,1164.0,510.0,12841,19438,938.893,2.1,2.18,14.43,2.25,0.051,True,2
1654765839,19.89,53.84,64.0,400.0,13240,20154,939.673,2.29,2.37,15.73,2.4530000000000003,0.055,True,2
1654712887,29.16,40.71,96.0,449.0,12777,20658,937.514,2.38,2.48,16.41,2.559,0.0579999999999999,False,2
1654781509,26.46,49.27,1021.0,400.0,13016,19475,938.724,2.05,2.13,14.14,2.205,0.05,True,2
1654762770,17.590111545430535,50.01739571781077,9.681862201462444,400.0,13104,20005,939.6883069832556,0.6442046555036561,0.3824927367586969,4.407841899532905,0.687466052154753,0.0154204655503656,False,2
1654763316,19.53,46.92,64.0,400.0,13124,19998,939.595,0.76,0.79,5.26,0.8190000000000001,0.019,False,2
1655129865,-10.19,12.75,1963.0,400.0,13613,20173,936.701,0.73,0.76,5.04,0.7859999999999999,0.018,False,2
1654778025,26.0,53.0,1005.0,400.0,12908,19476,938.769,2.2,2.29,15.16,2.364,0.053,True,2
1654734629,26.738187886552893,54.880506862341846,0.0,400.0,13105,19989,939.7156464775882,0.407292955176312,0.427292955176312,2.809171820705248,0.4381050686234184,0.01,False,2
1654733849,25.475779204227443,54.75631321107535,1.1779204227441875,400.0,12812,19807,939.8274662387316,0.3464415915451163,0.3805519894313953,2.3092015387020925,0.3959630292200232,0.0306441591545115,False,2
1654769775,20.18,55.12,321.0,400.0,13109,19944,939.351,0.25,0.26,1.7,0.265,0.006,True,2
1654736102,14.395,51.4,90.0,400.0,13193,20083,939.615,1.09,1.13,7.5,1.17,0.026,False,2
1654781178,25.12,50.54,1254.0,417.0,12915,19419,938.724,1.79,0.0,12.29,1.916,0.043,True,2
1655128279,15.2744893705082,73.17367971864033,1304.2253142362654,400.0,13337,20292,937.0861213986442,0.885857342372232,0.915857342372232,6.089537061012567,0.9492966430501494,0.0211464335593058,False,2
1654733975,26.197733273159912,50.58206780996169,8.653345368017806,400.0,12881,19841,939.811693309264,0.2634665463198219,0.273466546319822,1.8244656437184863,0.2841798375317596,0.006673327315991,False,2
1654742840,-4.825,57.95,668.0,687.0,12791,19586,939.159,2.45,2.54,16.85,2.628,0.059,True,2
1654762615,15.241982441611022,50.5314352824123,40.55859532888177,400.0,13060,19931,939.7223242140134,0.4808105350333867,0.5008105350333867,3.303691303622685,0.5154140467111823,0.0113603511677795,False,2
1654714865,28.62,42.71,172.0,435.0,12776,20553,937.36,1.82,1.89,12.53,1.954,0.044,False,2
1654768846,20.88,50.26,276.0,400.0,13122,19992,939.485,0.53,0.55,3.65,0.568,0.013,True,2
1655128348,16.49972964338393,60.92459286767857,2472.876766546131,400.0,13349,19994,936.9184353970596,1.0657057536755954,1.1057057536755954,7.338528768377976,1.144564602940476,0.026,False,2
1654783735,26.68,48.77,1341.0,403.0,12966,19387,938.734,1.62,1.69,11.17,1.742,0.039,True,2
1654734615,26.77763661824673,54.60699140575332,28.32474807049443,400.0,13070,19944,939.7091039567254,0.4264949614098886,0.4464949614098886,2.953256816418396,0.4607028748607126,0.0106623740352472,False,2
1654741322,-4.181,51.67,290.0,400.0,13116,19972,939.406,0.34,0.36,2.36,0.368,0.008,True,2
1654736573,8.581,66.25,87.0,400.0,13242,20130,939.694,2.65,2.75,18.25,2.845,0.064,True,2
1654715125,26.48384413386952,46.18180384946881,187.1024518816399,437.1024518816399,12765,20538,937.4220253941396,1.96820490376328,2.0482049037632795,13.575639230106235,2.116666374892264,0.048,False,2
1654741601,-4.472,53.16,317.0,400.0,13110,19944,939.391,0.4,0.41,2.72,0.425,0.01,True,2
1654755419,-14.188,49.65,1346.0,400.0,12970,19396,938.708,1.76,1.83,12.1,1.887,0.043,True,2
1654763959,20.700960583444385,46.75242861602257,66.0,400.0,13205,20105,939.6480113283576,0.8926551831778615,0.9326551831778616,6.169546865689416,0.9624743948467492,0.0213615766622246,False,2
1654779188,27.06,47.41,1107.0,400.0,12918,19454,938.711,1.85,1.92,12.7,1.981,0.045,True,2
1654777115,24.57,53.27,1161.0,410.0,12879,19443,938.815,1.98,2.05,13.6,2.121,0.048,True,2
1654713285,26.05,47.3563247615598,102.32649523119588,400.6632476155979,12780,20640,937.5139794856937,2.2934700953760823,2.3834700953760826,15.790820572256496,2.4624598382228764,0.055336752384402,False,2
1654775263,24.47,53.36,1136.0,505.0,12848,19451,938.923,2.27,2.36,15.62,2.435,0.055,True,2
1654769023,19.24,50.86,303.0,400.0,13105,19960,939.466,0.42,0.44,2.88,0.45,0.01,True,2
1654740459,-4.956,56.0,244.0,400.0,13132,20025,939.541,0.41,0.42,2.8,0.437,0.01,True,2
1654903196,27.3,30.31,41.0,980.0,13195,19962,931.112,0.72,0.75,4.97,0.7755,0.018,True,2
1654761404,13.048549756589956,53.55997436303485,0.0,400.0,12532,19633,939.7396567490672,0.2337871909974367,0.8711842321568409,0.0640532022506408,0.9990512265302388,0.6108112284262418,False,2
1654744735,10.821,53.84,1101.0,637.0,12799,19456,939.103,2.31,2.41,15.93,2.485,0.0559999999999999,True,2
1654740426,-5.047,50.4,238.0,400.0,13137,20029,939.566,0.38,0.39,2.6,0.405,0.009,True,2
1654751731,19.744,52.19,1218.0,415.0,12909,19426,938.72,1.4,1.46,9.65,1.504,0.034,True,2
1654735849,17.340467897605457,52.48810666466279,49.41784610760274,400.0,13193,20126,939.609114256287,0.976964101793379,1.0083569221520547,6.69292717362968,1.0440783580803197,0.0232785640717351,False,2
1654717298,53.625499201291504,23.249492811623504,0.0,578.0,10743,15425,936.794150559096,0.8522503993542497,0.8845007987084995,5.863502396125498,0.9150752795479749,0.021,False,2
1654715728,25.75,43.28,0.0,400.0,13253,21159,937.495,1.58,1.64,10.86,1.693,0.038,False,2
1654751284,18.075,48.33,1197.0,405.0,12910,19443,938.695,1.6,1.67,11.04,1.721,0.039,True,2
1654735137,24.10221855323465,53.10979665138895,69.68742129385875,400.0,13110,19984,939.646052096451,0.6615628935307063,0.6815628935307063,4.530940254714944,0.7067191828837769,0.0160520964510235,False,2
1654777234,24.59,53.23,1163.0,417.0,12878,19438,938.787,2.09,2.18,14.41,2.247,0.051,True,2
1655128618,20.59314817592604,27.26851824073966,559.4656957675356,400.0,13022,19567,936.871851824074,0.5795766402113313,0.5995766402113313,3.9968248015849848,0.622513136243031,0.0139999999999999,False,2
1655124319,20.684375482222727,44.431584538061074,17.660452791917354,448.3302263959587,12859,20761,937.5763022639596,2.2766045279191736,2.3666045279191734,15.672836223353388,2.4439254335030083,0.0553302263959586,False,2
1655127333,20.682,47.0,175.0,422.0,12777,20544,937.341,1.72,1.79,11.87,1.851,0.042,False,2
1654762248,13.01,56.44,4.0,400.0,13002,19915,939.764,0.18,0.19,1.23,0.192,0.004,False,2
1654717109,46.12263561996772,29.81852611916065,1454.492070853114,460.969037037125,11622,16977,936.8595890499192,0.71,0.73,4.8560465700484245,0.7588682190016142,0.018,False,2
1654762080,12.26,56.99,4.0,400.0,12927,19870,939.748,0.29,0.3,2.0,0.312,0.0069999999999999,False,2
1654746521,20.64,52.8,1109.0,540.0,12834,19448,938.885,1.84,1.91,12.63,1.97,0.044,True,2
1654758059,7.327999999999999,57.36,1276.0,400.0,12995,19412,938.819,1.7,1.76,11.68,1.821,0.0409999999999999,True,2
1654714431,27.56,47.22,97.0,400.0,12811,20624,937.343,1.84,1.91,12.64,1.97,0.045,False,2
1654715634,27.78453541910493,42.332168044177,0.0,400.0,13085,21047,937.4371408566168,1.9351548602983568,2.006873147064476,13.301238882386857,2.07435766103464,0.0471718286766118,False,2
1655128182,13.805116369120851,41.13910295311391,181.3660604029313,400.0,13171,20963,937.042241214762,1.78901818791206,1.85901818791206,12.319466711355105,1.921187885897403,0.0436339395970686,False,2
1654715705,28.31555772136545,39.86491475629377,0.0,400.0,13117,20949,937.46541207961,2.1284120796098702,2.2084120796098703,14.622854358244416,2.279888455726909,0.0519206039804935,False,2
1655127454,19.112264728077168,45.81348124295803,193.71078801286097,418.2810506838146,12773,20531,937.322859474658,1.6685947465809268,1.7285947465809268,11.464460599356952,1.787313695897112,0.0404297373290463,False,2
1654736987,3.484,57.33,350.0,400.0,13100,19858,939.68,1.33,1.38,9.16,1.4280000000000002,0.032,True,2
1654734217,26.994,50.06,4.0,400.0,13002,19920,939.77,0.14,0.14,0.95,0.148,0.003,False,2
1655126728,1.3653077863653984,48.74062280393393,176.0,438.2600702741144,12765,20546,937.32489743851,1.89,1.96,12.98472526352793,2.0237875439213218,0.046,False,2
1654757173,-16.87,48.04,1410.0,408.0,12977,19378,938.702,1.76,1.83,12.12,1.89,0.043,True,2
1654779578,24.52,53.66,1182.0,404.0,12916,19434,938.706,1.75,1.82,12.07,1.881,0.042,True,2
1654749553,12.328,47.48,1118.0,422.0,12875,19450,938.768,2.21,2.29,15.18,2.367,0.053,True,2
1654904071,34.35,16.62,0.0,762.0,13152,20855,930.895,0.92,0.95,6.3,0.983,0.022,True,2
1654717059,43.84663823851187,31.79791750547772,1546.7022018601624,2392.818730858144,12078,17827,936.8600255853391,0.678319119255935,0.7066382385118699,4.671425027350895,0.731965886214244,0.018,False,1
1654758234,20.0,52.8,1235.0,400.0,13007,19424,938.831,1.6,1.66,10.99,1.713,0.039,True,2
1654764236,20.64,47.73,131.0,400.0,13168,20050,939.636,0.96,1.0,6.59,1.028,0.023,False,2
1654741063,-4.08,50.12,309.0,400.0,13099,19958,939.417,0.47,0.49,3.22,0.503,0.011,True,2
1654774676,26.85,47.86,1184.0,530.0,12836,19432,938.894,1.79,1.86,12.29,1.917,0.043,True,2
1655126455,-5.098,41.52,117.0,400.0,12788,20593,937.337,1.72,1.79,11.87,1.851,0.042,False,2
1655127679,14.458080445538368,48.83787063579012,216.50736060459005,437.49263939541,12762,20501,937.448926393954,1.72,1.7850736060459005,11.8453680302295,1.8470441636275403,0.042,False,2
1654750215,13.878,47.51,1138.0,413.0,12889,19446,938.749,2.09,2.18,14.42,2.248,0.051,True,2
1654782032,24.54,52.18,1017.0,400.0,13013,19469,938.715,2.62,2.72,18.02,2.8110000000000004,0.063,True,2
1655127472,18.772540038320944,42.46162075572577,191.4324151145153,419.1486226717729,12770,20527,937.3662972453436,1.664055093129083,1.734055093129083,11.482709803048731,1.7903254326710218,0.040851377328227,False,2
1654752117,20.636,50.15,1163.0,400.0,12923,19438,938.715,1.6,1.66,11.0,1.715,0.039,True,2
1654777348,24.69,52.81,1111.0,405.0,12881,19445,938.765,1.83,1.9,12.57,1.96,0.044,True,2
1654769738,20.9,50.46,323.0,400.0,13101,19942,939.361,0.34,0.36,2.37,0.37,0.008,True,2
1654736601,8.231,57.9,170.0,400.0,13207,20050,939.684,2.19,2.28,15.07,2.35,0.053,True,2
1655127380,20.24,48.75,196.0,435.0,12765,20525,937.378,1.62,1.68,11.13,1.736,0.039,False,2
1655126776,3.513587975339091,48.17078396711879,164.03919835593942,434.6013360734343,12771,20552,937.324078396712,2.106797327853131,2.193594655706263,14.501567934237576,2.261914922920949,0.051,False,2
1654735873,17.070999999999998,48.99,49.0,400.0,13204,20127,939.627,0.82,0.85,5.62,0.877,0.02,False,2
1654770750,22.43,57.36,624.0,546.0,12870,19624,939.177,3.08,3.2,11.94,3.307,0.075,True,2
1654740850,-4.1930000000000005,53.29,285.0,400.0,13121,19989,939.492,0.57,0.6,3.95,0.617,0.0139999999999999,True,2
1654714367,26.26930505584447,47.45995137775409,139.26824185827954,404.5364837165591,12786,20582,937.339585128672,1.7202432247770605,1.7878040309713257,11.841945798216484,1.8460479503518992,0.0417560806194264,False,2
1654780373,26.69,48.89,1216.0,400.0,12919,19424,938.706,1.78,1.85,12.27,1.913,0.043,True,2
1654768360,18.47,56.58,228.0,400.0,13134,20028,939.564,0.56,0.58,3.86,0.601,0.0139999999999999,True,2
1654736833,5.352,53.19,301.0,400.0,13124,19908,939.656,1.28,1.33,8.82,1.375,0.031,True,2
1654775570,26.56,49.27,1111.0,477.0,12861,19451,938.917,1.86,1.93,12.78,1.992,0.045,True,2
1654782074,25.88,46.59,1201.0,400.0,12974,19425,938.691,2.51,2.61,17.27,2.692,0.061,True,2
1654735438,21.593000000000004,53.06,21.0,400.0,13133,20036,939.632,0.82,0.85,5.66,0.883,0.02,False,2
1654715383,25.804079596468227,49.00120115294792,203.62402305895847,422.62402305895847,12773,20520,937.373783936588,1.6696801729421884,1.7396801729421885,11.501201152947925,1.7933361787069282,0.0406560057647395,False,2
1654735269,23.07205139359168,53.808289516686735,76.59827369823013,400.0,13116,19978,939.6220086315088,0.6792310734318577,0.7080345260353975,4.702224419230084,0.7337952165561055,0.0167606905207079,False,2
1654747440,17.188,48.68,1136.0,484.0,12855,19451,938.907,1.69,1.76,11.65,1.817,0.0409999999999999,True,2
1654717314,56.31535897462891,18.98526775146372,619.2098372804425,400.0,10874,15671,936.7736652120363,0.84,0.8775446252439528,5.807544625243953,0.9048950813597788,0.02,False,2
1654739665,-7.606,52.02,184.0,400.0,13156,20082,939.66,0.95,0.99,6.55,1.021,0.023,True,2
1654777241,24.47,53.57,1176.0,417.0,12876,19439,938.791,2.05,2.13,14.08,2.196,0.05,True,2
1654746407,20.791,53.19,1097.0,534.0,12837,19460,938.892,2.11,2.19,14.51,2.262,0.051,True,2
1654751773,19.872,47.66,1195.0,400.0,12917,19432,938.716,1.61,1.67,11.05,1.724,0.039,True,2
1654770733,22.01,59.26,621.0,546.0,12865,19642,939.183,2.39,2.48,16.46,2.5660000000000003,0.0579999999999999,True,2
1655125279,-2.79011424752366,46.7183310407673,79.23916033781776,400.0,12791,20671,937.5457174810134,2.18,2.27,15.022536132207271,2.342507226441455,0.053,False,2
1654736376,11.031756416555996,50.15514846715433,179.345747345714,400.0,13142,19988,939.6669627579628,0.702244590245724,0.723553095554296,4.82047811048578,0.7506839460851532,0.016654252654286,False,2
1654762327,15.697479018241202,51.42263288447239,5.750699391959928,400.0,13029,19941,939.7612548957436,0.1324930060804007,0.14,0.9324930060804008,0.1454986012160801,0.003,False,2
1655128418,17.81048688216549,50.41058154877689,3693.6727138778474,400.0,13239,19720,936.9427354612806,0.761322693597111,0.791322693597111,5.23454962956822,0.8162485791150886,0.018132269359711,False,2
1654761980,14.436794634234111,51.56042861741807,7.800223573578651,400.0,12872,19843,939.8371602682884,0.2372008942943146,0.2472008942943146,1.6532053657658876,0.2578408495795988,0.006,False,2
1654762974,16.036708086317763,53.98633530945791,27.611801438629364,400.0,13119,20012,939.5968229784206,0.6622360287725872,0.6922360287725873,4.579534187021817,0.7144596316498459,0.016,False,2
1654714363,25.78162845045808,48.71234276102141,149.0,419.23895004164376,12778,20566,937.3345327349708,1.83401795087452,1.9124958509578072,12.646603556204925,1.9731914309744647,0.0446194750208218,False,2
1654903367,36.99,19.88,673.0,694.0,11789,19303,930.942,0.98,1.02,6.69,1.0745,1.093,True,0
1654712494,26.89020851869314,45.19951345638268,32.79721975075813,402.3916592522744,12836,20747,937.556629192617,2.1737775800606505,2.2577636788144413,14.940429159178343,2.3301553380667155,0.0525944395015162,False,2
1654716836,51.43327798967661,16.032671366751334,533.2219981709113,400.0,13070,19653,936.850524813926,1.1192273461045397,1.165580986870812,7.707022328887597,1.2012439884851118,0.0274199109987179,False,2
1654714341,27.02,42.3,165.0,445.0,12767,20562,937.339,1.75,1.82,12.06,1.88,0.042,False,2
1654714882,26.714336207700647,44.60180250345102,183.78258229022876,447.3477468706863,12759,20531,937.3501741770976,1.5969610106611138,1.656961010661114,11.00350783494381,1.71504809920997,0.038869670839085,False,2
1654739140,-9.002,55.37,16.0,400.0,13254,20234,939.692,2.37,2.46,16.29,2.54,0.057,True,2
1655127870,12.137091376371192,44.81,0.0,400.0,13238,21198,937.487635779536,1.9172715590720204,1.9972715590720205,13.213629354432122,2.0605444031648186,0.046727155907202,False,2
1654717488,58.81767692552032,11.141937022079787,1411.1950542240395,1369.950898439975,12310,17842,936.722776836856,0.7905824586399971,0.820582458639997,5.402329834559988,0.8571747375919991,4.524410032489413,False,0
1654756565,-21.905,48.6,1366.0,404.0,12969,19382,938.722,1.38,1.43,9.5,1.481,0.033,True,2
1654712435,26.94,45.11,49.0,415.0,12837,20723,937.567,1.91,1.98,13.11,2.045,0.046,False,2
1654785684,24.69,52.49,1260.0,400.0,12992,19409,938.786,2.0,2.07,13.74,2.143,0.048,True,2
1654715663,26.384672123664004,42.82196725801597,0.0,400.0,13006,20869,937.46,2.045029806939636,2.125029806939636,14.080238455517089,2.1955387490215266,0.0495029806939635,False,2
1654717615,56.82591405872021,11.635182811744045,1306.0,400.0,13400,19663,936.6884817188256,0.569268753023832,0.5940859412797899,3.944515647678739,0.6151590659774067,0.0134817188255957,False,2
1654743639,-0.6659999999999999,49.72,969.0,716.0,12770,19486,939.077,2.22,2.3,15.26,2.379,0.054,True,2
1654764468,20.386166897225507,50.75045036342306,154.0,400.0,13168,20019,939.623498927706,0.967494638530678,1.0012419577960168,6.649957108245423,1.0369935662368135,0.0233747319265338,False,2
1654717918,46.21,15.73,659.0,400.0,13710,20544,936.635,0.48,0.5,3.31,0.517,0.012,False,2
1654776375,25.6,47.73,1163.0,470.0,12850,19427,938.81,1.91,1.99,13.16,2.052,0.046,True,2
1654712797,26.507386487303336,46.156135126966646,86.26135126966646,400.52270253933295,12824,20685,937.5020908101574,2.2226135126966646,2.305227025393329,15.28874863966331,2.383704322853996,0.054,False,2
1654762262,15.06284533320394,54.48443091459144,0.0,400.0,13017,19938,939.764217412351,0.1650194567134456,0.1684581727580359,1.121381332815758,0.1751143011535768,0.0040316148133771,False,2
1654738015,-6.615,52.85,35.0,400.0,13257,20170,939.663,2.18,2.27,15.02,2.342,0.053,True,2
1654735058,24.655390239556176,49.34280663204924,17.781215482642597,400.0,13137,20037,939.6141248619306,0.5987513806942961,0.620782688223225,4.105322279917931,0.6400327802695115,0.0142187845173574,False,2
1655128215,14.277020915447464,48.229264281099816,521.1150349610466,998.167323579704,12485,20626,937.0008586368176,1.7328272636464814,1.8028272636464813,11.942618109171852,1.861534079558102,0.042141363182324,False,2
1654778951,27.11,47.33,1174.0,402.0,12903,19446,938.75,1.83,1.9,12.59,1.963,0.044,True,2
1654736116,14.227,46.33,108.0,400.0,13179,20058,939.643,0.99,1.03,6.85,1.067,0.024,False,2
1654738500,-8.876,50.82,26.0,400.0,13246,20190,939.698,2.46,2.55,16.91,2.637,0.06,True,2
1654754021,7.936,52.27,979.0,400.0,13013,19472,938.712,2.58,2.69,17.79,2.774,0.063,True,2
1654735340,22.467326949382137,50.41551451573756,45.41024471905128,400.0,13135,20005,939.6171474388202,0.7,0.7214743882023718,4.805897552809487,0.7490320717416603,0.017,False,2
1655124309,20.08100671150812,43.56607089464703,31.939370012448773,457.0606299875512,12856,20743,937.588454330112,2.16788189838166,2.248185048319416,14.88487013873386,2.3215488282447234,0.0522122049564292,False,2
1654757082,-18.15,53.85,1404.0,413.0,12970,19376,938.736,1.74,1.81,11.97,1.866,0.042,True,2
1654744606,9.389,52.88,1038.0,636.0,12806,19472,939.055,2.08,2.16,14.34,2.236,0.05,True,2
1654772589,26.4,48.35,1002.0,623.0,12807,19475,939.093,2.44,2.54,16.8,2.619,0.059,True,2
1654713053,28.39011822890301,44.13942242273613,60.00096908936891,400.0,12797,20686,937.558000193818,1.940042639932232,2.020042639932232,13.380284912274458,2.0870441904752224,0.0470009690893689,False,2
1654774303,24.41,53.35,1000.0,538.0,12843,19478,938.906,2.08,2.17,14.34,2.237,0.051,True,2
1655124543,27.123,41.634520832572285,84.84788961631983,443.6450757714129,12823,20700,937.569423944808,1.9867746211429356,2.0615211038368018,13.66115476146988,2.130723917681709,0.0480507034612267,False,2
1654779661,26.96,47.91,1176.0,400.0,12912,19435,938.715,1.68,1.74,11.54,1.7990000000000002,0.0409999999999999,True,2
1654782378,25.07,50.38,1446.0,436.0,12934,19368,938.681,1.99,2.07,13.71,2.137,0.048,True,2
1654734267,27.06722378079243,50.23985972868154,3.447561584854807,400.0,13013,19927,939.762059451981,0.2073079435835071,0.2173079435835072,1.4311556050845504,0.2234268475456442,0.0048356711886411,False,2
1654764243,20.94,46.31,138.0,400.0,13169,20039,939.643,0.84,0.88,5.81,0.907,0.02,False,2
1654778837,25.26,49.66,1222.0,420.0,12890,19432,938.736,1.69,1.76,11.66,1.819,0.0409999999999999,True,2
1654765790,21.82,51.0,57.0,400.0,13259,20156,939.657,2.3,0.0,15.83,2.468,0.0559999999999999,True,2
1655128559,20.0462594320568,20.643148580142004,2037.1749660032085,400.0,13040,20108,936.7911419033096,1.4717295470453498,1.5294457404260189,10.109823022698118,1.5766741210879518,0.0355432386761337,False,2
1654717754,50.4,13.92,2310.0,400.0,13539,20079,936.695,0.87,0.9,5.99,0.933,0.021,False,2
1654777093,27.15,47.09,1159.0,409.0,12880,19443,938.807,1.7,1.77,11.71,1.826,0.0409999999999999,True,2
1655124637,26.269,41.55,73.0,410.0,12833,20699,937.561,1.9,1.98,13.11,2.044,0.046,False,2
1655125382,-6.572042944785041,42.38589283067576,90.76749355383998,400.0,12785,20648,937.5081083548206,2.081625322308001,2.159842031949067,14.30959396579707,2.231609525502908,0.0506433419282133,False,2
1654745845,20.027,49.18,1101.0,573.0,12823,19458,938.967,1.74,1.81,11.97,1.866,0.042,True,2
1654777903,24.43,53.77,1147.0,400.0,12889,19445,938.761,1.6,1.66,11.01,1.716,0.039,True,2
1654735861,17.207,57.36,64.0,400.0,13185,20104,939.621,0.98,1.02,6.73,1.0490000000000002,0.024,False,2
1654715626,25.449413384507643,44.78932958229445,0.0,400.0,13238,21166,937.4281005626558,2.020251406639581,2.100251406639581,13.91175984647707,2.16927654730354,0.0490083802213193,False,2
1654761728,11.401310674140724,55.94541752824906,4.016505620298777,400.0,12710,19740,939.845311651689,0.0557378651718553,0.0757378651718554,0.3544271910311324,0.0808854382062264,0.017147573034371,False,2
1654736244,12.671,45.38,143.0,400.0,13160,20017,939.653,1.21,1.26,8.34,1.3,0.0289999999999999,False,2
1654717040,44.29,29.77,1456.5,1073.0,12461,18407,936.854,0.71,0.73,4.86,0.759,1.571,False,0
1654715199,25.88007901072654,48.68642085551743,187.49868315455768,427.99736630911536,12770,20532,937.336169739306,2.083210427758716,2.169868315455767,14.359130882008062,2.23836436491944,0.0508302606939678,False,2
1654716797,58.23,17.07,1000.0,863.0,12570,18567,936.907,0.74,0.76,5.07,0.79,0.018,False,2
1654784409,26.95,47.79,1331.0,400.0,12974,19395,938.714,1.82,1.9,12.55,1.958,0.044,True,2
1654771841,23.67,54.01,921.0,694.0,12777,19496,939.125,1.65,1.72,11.37,1.773,0.04,True,2
1654779452,24.62,53.25,1189.0,406.0,12913,19443,938.716,1.64,1.7,11.27,1.758,0.04,True,2
1654736328,11.635,51.45,187.0,400.0,13142,19995,939.651,0.69,0.72,4.78,0.745,0.017,False,2
1655124482,26.664751241874374,39.91714690383997,61.3108587066372,448.1554293533186,12830,20718,937.5731554293532,2.019222853233407,2.099222853233407,13.933782825867256,2.172041518987869,0.0489740951077802,False,2
1654717429,59.14,11.91,1268.0,400.0,11378,16807,936.725,0.8,0.83,5.455,0.862,0.02,False,2
1654754702,-3.147,48.75,1321.0,401.0,12960,19394,938.696,1.78,1.85,12.24,1.908,0.043,True,2
1654764595,21.54,60.91,117.0,400.0,13233,20103,939.682,2.54,2.64,17.5,2.729,0.062,True,2
1654775730,24.68,52.74,1118.0,474.0,12856,19445,938.905,1.63,1.69,11.2,1.746,0.039,True,2
1654755892,-19.453,54.22,1187.0,400.0,12984,19429,938.756,1.87,1.94,12.84,2.002,0.045,True,2
1654714600,25.82450653299844,48.37394532553842,181.43662311334373,447.9436382065939,12765,20541,937.31530986934,1.8887324622668744,1.9587324622668745,12.991127235868122,2.026605708493562,0.046,False,2
1654774736,26.85,47.83,1207.0,538.0,12839,19428,938.901,1.69,1.76,11.65,1.817,0.0409999999999999,True,2
1654712250,27.30932787386715,43.60591802060834,60.30491788950994,438.0,12858,20735,937.570219671558,2.35152458944755,2.4430491788950994,16.176770483923047,2.5217442610055896,0.057,False,2
1654767801,19.37,53.57,188.0,400.0,13146,20068,939.629,1.09,1.14,7.53,1.1740000000000002,0.027,True,2
1655124887,17.313386559285494,40.50945292973734,65.06637045184537,400.0,12831,20703,937.5155820605394,1.7970313801751077,1.867031380175108,12.3657039711382,1.9282071646794852,0.0431757845043776,False,2
1654712470,29.66608305989881,39.612908075802906,23.56528233501982,400.0,12843,20752,937.57511572555,1.9411572554993397,2.013041529949405,13.357522160745706,2.0819688280543325,0.0466231451099867,False,2
1654716856,50.65881181256932,14.127312598204384,611.3748035912329,400.0,13367,20533,936.8340749607182,0.9334370089780822,0.9734370089780822,6.426746464642192,1.002049450055452,0.0225374803591232,False,2
1654764412,20.717329605634397,48.51867538105985,138.0,400.0,13175,20036,939.671638733568,0.94,0.9790924890453998,6.4863699561816,1.01145549342724,0.023,False,2
1655126642,-1.8438573261197684,42.510988259098845,161.8934160853838,432.9467080426919,12767,20550,937.3260266459788,1.9470689423480545,2.017335402134595,13.371347814942164,2.085068942348055,0.0469467080426919,False,2
1654714692,28.78387273493445,42.17593088917042,170.12254530131096,436.5710914454117,12777,20555,937.3280612726506,1.7924509060262193,1.8624509060262195,12.345930889170424,1.9255121786768747,0.0430612726506554,False,2
1654715804,25.17,44.81,0.0,400.0,13269,21191,937.418,1.75,1.82,12.07,1.882,0.043,False,2
1654717568,57.91581839700183,11.168363205996345,1394.0,400.0,13108,19225,936.7122544808994,0.79,0.82,5.4,0.857,0.3743846801243223,False,2
1655128429,17.996,47.09,4871.0,400.0,13164,19649,936.92,0.58,0.6,3.97,0.619,0.0139999999999999,False,2
1655126952,11.935,47.66,156.0,440.0,12773,20568,937.365,1.83,1.9,12.62,1.968,0.044,False,2
1654734289,27.089666049494387,56.09987039382136,14.0,400.0,13011,19923,939.7433330247472,0.1333395050561257,0.1433395050561257,0.93337653539288,0.1456734555617383,0.0033334876264031,False,2
1654745331,16.749000000000002,53.52,1067.0,600.0,12815,19462,939.038,2.02,2.1,13.93,2.172,0.049,True,2
1654735197,23.651,52.53,86.0,400.0,13105,19976,939.6,0.85,0.88,5.82,0.908,0.021,False,2
1654742082,-5.059,56.6,354.0,400.0,13078,19912,939.293,0.41,0.43,2.84,0.4429999999999999,0.01,True,2
1654713932,26.16579782414372,46.77785131445267,102.0,413.7361740685025,12777,20616,937.382843608346,1.7073617406850254,1.7705213055137692,11.74101087928141,1.8306776971679,0.0416840435171256,False,2
1654780581,24.96,51.71,1222.0,402.0,12916,19418,938.703,1.7,1.76,11.69,1.822,0.0409999999999999,True,2
1654754130,6.25,51.67,1299.0,401.0,12954,19402,938.69,2.25,2.34,15.49,2.416,0.055,True,2
1654739899,-6.795,49.06,194.0,400.0,13154,20066,939.615,0.72,0.75,4.94,0.77,0.017,True,2
1654712261,26.96,44.61,29.0,426.0,12864,20768,937.59,2.27,2.36,15.65,2.44,0.055,False,2
1654753789,11.298,53.3,1141.0,400.0,12973,19438,938.73,1.92,2.0,13.22,2.062,0.047,True,2
1654782427,26.98,47.53,1389.0,404.0,12947,19386,938.698,1.77,1.84,12.21,1.904,0.043,True,2
1654780263,26.96,47.78,1168.0,400.0,12922,19433,938.69,1.8,1.87,12.36,1.927,0.044,True,2
1654738779,-9.266,54.33,27.0,400.0,13239,20200,939.701,2.48,2.58,17.08,2.6630000000000003,0.06,True,2
1654749464,12.211,53.44,1228.0,412.0,12879,19430,938.766,1.74,1.81,11.98,1.868,0.042,True,2
1654744273,5.664,50.82,1007.0,638.0,12806,19487,939.048,2.16,2.25,14.88,2.321,0.052,True,2
1654745122,14.853,47.04,1141.0,628.0,12800,19444,939.089,2.05,2.13,14.13,2.204,0.05,True,2
1654734251,27.047,54.0,0.0,400.0,13015,19944,939.759,0.1,0.1,0.69,0.107,0.002,False,2
1654734649,26.68,49.35,0.0,400.0,13098,19986,939.708,0.47,0.49,3.22,0.502,0.011,False,2
1654737559,-2.812,47.44,96.0,400.0,13232,20122,939.643,1.99,2.07,13.69,2.136,0.048,True,2
1654737192,1.087,46.94,170.0,400.0,13214,20041,939.665,2.03,2.11,14.01,2.184,0.049,True,2
1654749887,12.972,53.6,1166.0,411.0,12887,19445,938.748,1.54,1.6,10.62,1.6569999999999998,0.037,True,2
1654736673,7.332000000000001,60.65,262.0,400.0,13152,19956,939.673,2.07,2.15,14.26,2.2230000000000003,0.05,True,2
1654761592,13.82084684693316,49.845977477067485,12.042342346658096,400.0,12630,19697,939.79119054056,0.0997882882667095,0.1797882882667095,0.4993648648001286,0.1947459459200514,0.0738941441333547,False,2
1654745815,19.903,50.79,1046.0,538.0,12841,19476,938.998,2.16,2.25,14.88,2.321,0.052,True,2
1654748366,13.083,50.04,1163.0,458.0,12865,19447,938.817,1.85,1.92,12.73,1.985,0.045,True,2
1654715388,25.73202489585907,49.22607468757721,211.2024895859071,433.99377603523226,12762,20512,937.3806074687576,1.6560124479295355,1.7160124479295356,11.384049791718144,1.7746074687577211,0.04,False,2
1654766766,22.18,48.57,8.0,400.0,13259,20232,939.731,2.56,2.66,17.64,2.7510000000000003,0.062,True,2
1654903860,36.53,15.16,162.0,2224.0,12656,20425,930.866,0.97,1.01,6.68,1.042,0.024,True,1
1654754703,-3.164,48.59,1281.0,400.0,12966,19392,938.697,1.78,1.85,12.26,1.912,0.043,True,2
1655127048,16.129798204531777,42.54828699855754,156.73542595263802,415.5058296189448,12777,20561,937.3424591926674,2.1072376671474844,2.1872376671474845,14.490780262411286,2.260478922719068,0.0512412555715828,False,2
1655125801,-7.044,40.89,96.0,414.0,12769,20618,937.437,2.26,2.35,15.58,2.43,0.055,False,2
1655127554,17.090495402134504,48.21350975751394,195.0701951502788,430.2675487875697,12764,20525,937.3784649024248,1.908026463627091,1.985350975751394,13.148158781762543,2.050491366051952,0.0462675487875697,False,2
1654714693,28.80509948140536,42.163023835627776,162.33554403123014,429.6710880624603,12774,20559,937.331161139922,1.8233554403123016,1.8950331604684525,12.558521242654562,1.959194300390377,0.044167772015615,False,2
1654770563,21.09,57.36,473.0,595.0,12848,19790,939.225,1.65,1.71,11.33,1.768,0.04,True,2
1654764302,21.01,46.12,157.0,400.0,13159,20021,939.614,0.85,0.89,5.88,0.917,0.021,False,2
1654754118,6.438,47.09,1276.0,400.0,12966,19417,938.687,1.93,2.01,13.28,2.071,0.047,True,2
1654735532,20.69188811351707,47.63825713792994,7.0,400.0,13193,20119,939.6028972569654,0.8929908565515926,0.928660571034395,6.149284568275161,0.9588257137929938,0.0214330285517197,False,2
1654762647,16.894049541157134,51.68576386201869,0.0,400.0,13093,19978,939.721748472276,0.4333129636795017,0.4491412045993771,2.969018986676387,0.4628099082314269,0.0105828240919875,False,2
1654740714,-4.382,50.5,262.0,400.0,13130,20007,939.499,0.64,0.66,4.38,0.6829999999999999,0.015,True,2
1654752144,20.671,48.98,1260.0,427.0,12899,19417,938.701,1.57,1.63,10.81,1.686,0.038,True,2
1654766124,20.23,52.49,28.0,400.0,13250,20194,939.651,2.16,2.24,14.87,2.318,0.052,True,2
1655125651,-8.937999999999999,47.62,59.0,400.0,12796,20658,937.48,2.32,2.41,15.96,2.488,0.0559999999999999,False,2
1654740977,-4.101,56.62,287.0,400.0,13116,19980,939.433,0.35,0.37,2.44,0.38,0.009,True,2
1655126728,1.3630000000000002,48.76,185.0,454.0,12767,20538,937.326,1.89,1.96,12.98,2.025,0.046,False,2
1654739316,-8.635,54.75,128.0,400.0,13197,20136,939.673,1.98,2.05,13.59,2.12,0.048,True,2
1654712610,26.921052356459423,44.89985744725934,64.17703474336626,400.0,12834,20711,937.5387511661592,1.8669854833623865,1.945215135928724,12.87243907840403,2.008215135928724,0.0454688957699012,False,2
1654786197,26.64,48.81,1373.0,420.0,12986,19393,938.847,2.15,2.23,14.8,2.307,0.052,True,2
1654714332,28.77,41.53,114.0,402.0,12791,20613,937.357,1.73,1.8,11.93,1.86,0.042,False,2
1654771378,22.38,57.56,841.0,726.0,12765,19513,939.122,2.17,2.25,14.92,2.327,0.053,True,2
1654769965,20.99,50.34,332.0,400.0,13092,19935,939.322,0.3,0.32,2.09,0.326,0.0069999999999999,True,2
1655125795,-7.126914568590191,40.98241529404553,84.29307843257448,400.0,12789,20635,937.447,2.134653921628724,2.214653921628724,14.668439020052556,2.287291627521894,0.0515861568651489,False,2
1654737353,-0.696,53.7,131.0,400.0,13220,20091,939.637,1.84,1.91,12.67,1.976,0.045,True,2
1654783436,26.69,48.64,1337.0,400.0,12970,19392,938.718,1.72,1.78,11.81,1.842,0.042,True,2
1654772849,24.47,52.54,1155.0,643.0,12794,19441,939.066,2.03,2.11,14.0,2.184,0.049,True,2
1654785603,26.81,47.54,1176.0,400.0,13019,19426,938.78,2.56,2.66,17.61,2.7460000000000004,0.062,True,2
1654762998,17.941475238404987,52.79551792747879,0.0,400.0,13158,20053,939.609246621106,0.8347184678954354,0.8647184678954354,5.753592339477177,0.8972466211058918,0.02,False,2
1655126185,-4.354326928622518,47.78774339713747,120.77629445438558,409.5372842576024,12780,20600,937.3862982740608,2.044627157423976,2.124627157423976,14.078508629695904,2.1957762944543857,0.05,False,2
1655128574,20.11593607076055,24.59233834138991,622.99019572716,421.7981125658905,12813,19397,936.8717523592928,0.4554393567663399,0.4676543165642361,3.1280754973643794,0.4877617964631843,0.0108859839191584,False,2
1654752256,20.77,47.57,1197.0,400.0,12919,19437,938.687,1.82,1.89,12.55,1.957,0.044,True,2
1654745375,17.113,52.4,1122.0,601.0,12814,19456,939.015,2.28,2.36,15.66,2.443,0.055,True,2
1654736014,15.441,45.96,111.0,400.0,13172,20064,939.666,1.02,1.06,7.03,1.096,0.025,False,2
1654716743,54.10041851304154,21.140608264214794,60.860281028318056,883.5456198161095,12562,18541,936.891739537174,0.8176332234939202,0.8490876036778107,5.602462977668181,0.873008711127608,0.0196787107524822,False,2
1654743003,-4.387,61.1,883.0,954.0,12640,19508,939.123,2.51,2.6,17.25,2.6910000000000003,0.061,True,2
1654782851,27.01,47.55,1321.0,403.0,12958,19402,938.719,1.86,1.93,12.81,1.998,0.045,True,2
1654774493,26.69,48.37,1109.0,531.0,12840,19453,938.915,2.05,2.13,14.09,2.197,0.05,True,2
1654741326,-4.184,50.74,315.0,400.0,13119,19966,939.387,0.42,0.44,2.9,0.452,0.01,True,2
1654903131,23.32,65.0,436.0,1454.0,12959,19530,931.222,2.38,2.47,16.2,2.5545,0.0579999999999999,True,2
1654735925,16.467832710907732,53.28025391812983,51.77819272817686,400.0,13214,20130,939.6252218072718,0.9538909636408842,0.9923637045511052,6.581127709127074,1.0263637045511054,0.0228472740910221,False,2
1654766819,22.02,49.17,34.0,400.0,13249,20212,939.725,2.12,2.21,14.61,2.278,0.051,True,2
1654738435,-8.696,53.67,27.0,400.0,13254,20192,939.705,1.78,1.85,12.23,1.908,0.043,True,2
1654777339,25.1,50.73,1195.0,429.0,12878,19430,938.771,1.52,1.58,10.45,1.629,0.037,True,2
1654786194,26.53,49.25,1346.0,420.0,12987,19395,938.827,1.94,0.0,13.34,2.081,0.047,True,2
1654736151,13.805,52.11,130.0,400.0,13175,20041,939.646,0.97,1.01,6.66,1.038,0.023,False,2
1654713557,29.08,40.75,65.0,400.0,12795,20668,937.469,1.98,2.06,13.64,2.127,0.048,False,2
1654746811,19.906,51.63,1164.0,541.0,12833,19434,938.864,2.4,2.49,16.51,2.574,0.0579999999999999,True,2
1654752740,20.199,47.45,1166.0,400.0,12932,19437,938.673,1.91,1.98,13.12,2.046,0.046,True,2
1654772184,26.32,48.27,963.0,658.0,12799,19486,939.068,2.36,2.45,16.25,2.5340000000000003,0.057,True,2
1654769787,20.75,51.12,324.0,400.0,13105,19932,939.365,0.22,0.23,1.49,0.233,0.005,True,2
1654712668,26.95,44.76,60.0,400.0,12829,20717,937.519,2.27,2.36,15.65,2.44,0.055,False,2
1654714788,25.71,49.02,162.0,429.0,12769,20554,937.331,1.66,1.72,11.42,1.781,0.04,False,2
1654778364,24.85,52.29,1141.0,404.0,12896,19450,938.786,1.67,1.74,11.52,1.797,0.0409999999999999,True,2
1654716522,43.5,32.14,1460.0,400.0,12922,19377,936.864,0.45,0.47,3.11,0.485,0.011,False,2
1655127195,20.213,48.12,185.0,429.0,12766,20540,937.416,1.69,1.76,11.66,1.818,0.0409999999999999,False,2
1654715968,24.85202016499588,43.22515160400989,0.0,400.0,13411,21233,937.4225959670008,2.161616131996702,2.251616131996702,14.910504857978564,2.3246565352966195,0.0520404032999175,False,2
1655124732,23.811,45.12,69.0,400.0,12830,20698,937.546,1.82,1.89,12.54,1.955,0.044,False,2
1654752318,20.792,47.46,1243.0,401.0,12916,19426,938.699,1.8,1.87,12.38,1.931,0.044,True,2
1654753880,10.021,46.72,1117.0,400.0,12993,19464,938.739,2.29,2.38,15.73,2.454,0.055,True,2
1654761460,12.665966379777675,55.8876558533236,0.0,401.3909444172468,12565,19667,939.7965226389568,0.013045277913766,0.046090555827532,0.026090555827532,0.0543086669930384,0.0312633890792723,False,2
1655128933,15.322083605764895,13.375238753078426,628.1791069962654,400.0,13025,19604,936.8466462679012,1.1752835720149382,1.2241044650186728,8.093447683115771,1.2613402864179255,0.0288820893003733,False,2
1654752605,20.541,48.28,1174.0,400.0,12925,19432,938.724,1.41,1.46,9.68,1.509,0.034,True,2
1654734043,26.497,50.0,7.0,400.0,12919,19871,939.778,0.27,0.28,1.85,0.288,0.0069999999999999,False,2
1654763363,19.42665528543594,47.83005121553828,44.2854704021987,400.0,13136,20014,939.641045586685,0.74,0.77,5.072381765326004,0.7904763530652009,0.018,False,2
1654735351,22.37459834056643,47.81836355334311,43.17685925255488,400.0,13136,20008,939.6416396742014,0.74,0.77,5.0935371850510975,0.7937074370102195,0.018,False,2
1655125524,-9.123884508514616,47.229969674331954,81.0,400.7781147296449,12780,20644,937.4941094263518,1.922249178371596,2.000030325668045,13.252431132379868,2.0659208993162697,0.0465562294592898,False,2
1654753804,11.092,48.0,1143.0,400.0,12974,19442,938.737,1.74,1.81,11.96,1.865,0.042,True,2
1655125276,-2.66331007567042,55.1590582131782,94.58394295145146,400.0,12780,20655,937.53545619967,2.120802852427427,2.2008028524274272,14.577700252234733,2.273675109145896,0.0514160570485485,False,2
1654713238,28.695448025443778,42.02911829313613,55.72759872781111,400.0,12792,20684,937.4950910394912,1.991820789822489,2.0672759872781112,13.70911112112429,2.1376394280414246,0.0485455197455622,False,2
1654737260,0.321,46.75,0.0,400.0,13209,20049,939.651,2.26,2.35,15.56,2.427,0.055,True,2
1654778615,24.57,53.36,1126.0,400.0,12894,19441,938.778,1.5,1.56,10.32,1.609,0.036,True,2
1654764414,20.83,47.91,140.0,400.0,13170,20029,939.679,0.93,0.97,6.43,1.003,0.023,False,2
1654715237,28.91170720769189,42.204878376924334,178.25608115378333,427.1707207691889,12767,20531,937.3444268019232,1.5814639615405557,1.6414639615405555,10.893662146167664,1.6982078803867722,0.0387439188462166,False,2
1654772867,25.37,53.72,1007.0,589.0,12820,19482,939.083,2.01,2.09,13.82,2.155,0.049,True,2
1654763783,20.4,47.32,0.0,400.0,13212,20127,939.618,1.08,1.13,7.46,1.163,0.026,False,2
1654903578,38.65,15.09,0.0,2786.0,12611,20205,930.91,0.96,1.0,6.62,1.032,0.023,True,1
1654747210,18.296,47.35,1182.0,512.0,12847,19441,938.915,2.11,2.2,14.54,2.268,0.051,True,2
1654758104,9.193,54.09,1356.0,422.0,12982,19388,938.824,1.7,1.76,11.69,1.823,0.0409999999999999,True,2
1654734131,26.7973808505025,57.60888651172495,8.873049832500769,400.0,12954,19894,939.7928730498326,0.16,0.1612695016749923,1.0863475083749616,0.1698886511724945,0.004,False,2
1654763598,19.91,48.32,0.0,400.0,13225,20175,939.622,1.11,1.15,7.63,1.19,0.027,False,2
1654713863,26.78,43.89,92.0,412.0,12777,20633,937.397,1.89,1.97,13.03,2.031,0.046,False,2
1654762347,13.936143844984258,52.36118893617631,22.0,400.0,13019,19921,939.7505084924012,0.2975424620062966,0.3163136930094448,2.0666533890598173,0.32243656990913,0.0069999999999999,False,2
1654737718,-4.291,51.08,91.0,400.0,13238,20118,939.652,2.5,2.59,17.19,2.68,0.061,True,2
1654761949,12.117778824036412,55.03128705434504,16.870352932726483,400.0,12849,19819,939.8393889412018,0.1325929413454703,0.1382411766818378,0.8794470600910274,0.147676353148201,0.0096944706009102,False,2
1654745082,14.463,53.13,1082.0,614.0,12806,19457,939.08,2.01,2.09,13.83,2.156,0.049,True,2
1654781441,24.38,54.14,1147.0,400.0,12937,19446,938.713,1.4,1.45,9.63,1.501,0.034,True,2
1654767989,18.92,55.18,209.0,400.0,13148,20055,939.595,0.61,0.64,4.23,0.66,0.015,True,2
1654714167,26.33708416042892,46.05402474509396,139.618069340482,431.472277361928,12774,20575,937.3551457919784,1.98618069340482,2.06618069340482,13.67854208021446,2.13309034670241,0.048,False,2
1654768400,18.89,54.24,247.0,400.0,13126,20021,939.553,0.33,0.35,2.3,0.359,0.008,True,2
1654782088,24.61,52.45,1163.0,400.0,12974,19443,938.712,2.21,2.3,15.21,2.372,0.054,True,2
1654740022,-6.359,50.41,0.0,400.0,13130,20036,939.591,0.65,0.67,4.45,0.6940000000000001,0.016,True,2
1654716438,43.15746541635728,32.09630390899791,793.0840114040705,467.446094393959,12780,19221,936.8967003661718,0.4389442635351313,0.4606468672724919,3.0492046372711976,0.4759873880199641,0.0106810414949442,False,2
1654754213,4.931,53.02,1270.0,400.0,12965,19408,938.708,2.39,2.48,16.45,2.5660000000000003,0.0579999999999999,True,2
1654736564,8.693,65.61,54.0,400.0,13257,20167,939.694,2.58,2.68,17.77,2.772,0.063,True,2
1654737603,-3.236,49.22,95.0,400.0,13232,20120,939.694,1.85,1.92,12.71,1.983,0.045,True,2
1654716450,38.31,23.89,774.0,400.0,13167,20435,936.755,1.77,1.84,12.2,1.902,0.043,False,2
1655127096,17.81,44.78,155.0,426.0,12777,20561,937.414,1.37,1.42,9.42,1.47,0.033,False,2
1655129071,7.329594114069857,19.55964253849602,0.0,400.0,13619,21281,936.82619285077,0.98452147743061,1.0183929102506633,6.755521774834325,1.053167196814674,0.0239678582050132,False,2
1654785877,24.31,54.02,1348.0,411.0,12984,19387,938.782,1.83,1.9,12.57,1.96,0.044,True,2
1654734790,26.1480906539983,54.897642996044326,33.0,400.0,13091,19974,939.7019637384008,0.55,0.57,3.76036261599318,0.586054392398977,0.013,False,2
1654743220,-3.499,51.55,760.0,794.0,12731,19544,939.157,3.08,3.2,13.33,3.304,0.075,True,2
1654713660,28.57,42.14,69.0,400.0,12789,20654,937.419,1.99,2.07,13.71,2.139,0.048,False,2
1654714829,26.247748348930237,47.28658174928086,149.12124274991058,433.12124274991055,12774,20566,937.3522251651068,1.83,1.9098267960715565,12.62,1.968,0.044,False,2
1654751875,20.154,51.37,1161.0,400.0,12920,19435,938.733,1.49,1.55,10.26,1.6,0.036,True,2
1655125990,-4.498155330081338,46.22788712768932,102.90062706839268,418.6025082735707,12774,20613,937.3786459240556,1.92,2.0,13.249006270683926,2.065850940602589,0.047,False,2
1654712588,29.47773025156052,40.07814147801864,70.0,400.0,12833,20701,937.526960528304,2.002532893080073,2.076266446540037,13.768930911940403,2.1466529591180623,0.0486266446540036,False,2
1654751983,20.405,53.47,1245.0,413.0,12908,19417,938.719,1.63,1.69,11.19,1.745,0.039,True,2
1654751222,17.814,48.64,1117.0,400.0,12908,19451,938.708,1.87,1.95,12.89,2.01,0.045,True,2
1655124414,25.071,38.77,37.0,426.0,12861,20757,937.596,2.24,2.32,15.4,2.402,0.054,False,2
1654778823,26.99,47.71,1170.0,400.0,12902,19438,938.737,1.77,1.84,12.2,1.903,0.043,True,2
1654773518,24.4,53.16,1036.0,577.0,12826,19473,939.008,2.34,2.43,16.1,2.511,0.057,True,2
1654749595,12.392,51.28,1096.0,400.0,12895,19462,938.756,1.68,1.75,11.6,1.808,0.0409999999999999,True,2
1654714697,28.86189374461089,41.97526563847277,161.2840616916338,429.3787489221784,12773,20555,937.3215681233831,1.812840616916338,1.883787489221784,12.482724935330705,1.9465034275301505,0.0440946872305446,False,2
1654713088,26.66274240150681,45.36410615823544,83.20303057050805,403.5939388589839,12780,20668,937.5447969694296,2.07796969429492,2.15796969429492,14.298833318622057,2.2302742401506817,0.05,False,2
1655126774,3.391,47.88,163.0,433.0,12770,20552,937.319,2.06,2.14,14.15,2.207,0.05,False,2
1654763619,17.95,50.88,12.0,400.0,13194,20143,939.607,1.3,1.35,8.96,1.3969999999999998,0.032,False,2
1655129158,1.1896372877774457,28.67525047160568,740.7104053167477,934.3697272611092,12538,18528,936.8430921845523,0.7727304613811613,0.8,5.285460922762323,0.8238191384143484,1.1857885597921023,False,0
1655126769,3.192806122786471,47.12870748524313,172.35056686342483,445.70113372684966,12763,20547,937.285726984022,1.883247165682876,1.963247165682876,12.98273015978013,2.024571882251164,0.0456623582841437,False,2
1654716736,55.36303351783906,19.48325837945977,543.2906043832812,842.7671153414843,12579,18596,936.9105117445208,1.1632583794597664,1.2097701239806649,8.018855634301959,1.2501889152141024,0.0282558722604492,False,2
1654766418,20.5,50.12,53.0,400.0,13235,20159,939.674,2.41,2.5,16.56,2.582,0.0579999999999999,True,2
1654753303,16.887,53.69,1201.0,403.0,12924,19423,938.741,1.49,1.55,10.26,1.6,0.036,True,2
1654768234,18.64,55.97,230.0,400.0,13141,20042,939.606,0.48,0.49,3.27,0.51,0.012,True,2
1654785366,26.94,47.91,1289.0,400.0,12999,19412,938.763,1.72,1.79,11.86,1.85,0.042,True,2
1655125034,9.612,45.93,83.0,458.0,12773,20669,937.529,2.41,2.5,16.56,2.582,0.0579999999999999,False,2
1654764680,20.39,58.03,264.0,400.0,13147,19952,939.667,2.25,2.34,15.52,2.42,0.055,True,2
1654746048,20.628,53.2,1096.0,569.0,12831,19456,938.965,1.76,1.83,12.09,1.885,0.043,True,2
1655124680,25.333,45.75,32.0,400.0,12833,20741,937.541,2.44,2.54,16.81,2.622,0.059,False,2
1654783278,25.06,50.58,1406.0,418.0,12948,19374,938.747,1.99,2.07,13.68,2.133,0.048,True,2
1654715566,25.77,49.54,245.0,438.0,12760,20472,937.468,1.77,1.84,12.17,1.898,0.043,False,2
1654715434,26.022304021208967,48.3530879363731,198.0,430.91621741058304,12761,20521,937.3769581087053,1.9287432611587452,1.9987432611587448,13.271202828111218,2.06961758727462,0.0469581087052915,False,2
1654782980,24.92,51.46,1346.0,421.0,12950,19389,938.732,2.41,2.51,16.6,2.589,0.0579999999999999,True,2
1654734453,27.08,55.16,24.0,400.0,13043,19938,939.764,0.37,0.38,2.55,0.397,0.009,False,2
1654774849,26.5,49.65,1096.0,504.0,12850,19463,939.735,1.9,1.97,13.07,2.0380000000000003,0.046,True,2
1654781671,24.54,53.26,1243.0,400.0,12953,19418,938.743,1.93,2.01,13.29,2.072,0.047,True,2
1654716423,42.96,32.81,1323.0,442.0,12783,19228,936.883,0.4,0.41,2.74,0.428,0.01,False,2
1654761726,11.436987534238936,55.61163589046019,13.054863013274192,400.0,12703,19733,939.8307391506884,0.05,0.07,0.3158902739734516,0.0721780547946903,0.015,False,2
1654763690,17.66769824973703,53.26843975096423,20.769824973702818,400.0,13205,20135,939.5623069000352,0.9930690003506292,1.033069000350629,6.869181252191432,1.0709155503330976,0.0240767250087657,False,2
1655128362,16.75119337792215,54.24822301368837,2726.1045286065664,400.0,13307,19941,936.9395287453668,0.7799477356967168,0.8099477356967167,5.339634149877018,0.8334451224815527,0.019,False,2
1654784949,26.98,47.84,1350.0,400.0,12979,19390,938.721,1.63,1.69,11.22,1.749,0.04,True,2
1654777295,24.55,53.31,1138.0,419.0,12872,19440,938.788,1.77,1.83,12.15,1.895,0.043,True,2
1654734744,26.346,56.4,0.0,400.0,13110,20020,939.661,0.88,0.92,6.06,0.946,0.021,False,2
1654761889,12.479643535326543,50.95160409103056,34.70155483309078,400.0,12798,19784,939.8204209329,0.2414031096661815,0.2514031096661815,1.662627986995634,0.2591046644992723,0.006,False,2
1654756475,-22.008000000000003,53.18,1348.0,407.0,12970,19389,938.719,1.92,1.99,13.22,2.061,0.047,True,2
1654733667,24.022660579241894,56.752562521531885,6.893509366939751,400.0,12679,19719,939.806489182278,0.09,0.13,0.5529783645564659,0.1392978364556465,0.0342978364556465,False,2
1654782550,27.05,47.45,1339.0,400.0,12953,19391,938.682,2.04,2.12,14.06,2.192,0.05,True,2
1654774696,25.43,48.35,1237.0,552.0,12829,19428,938.905,2.12,2.2,14.59,2.275,0.051,True,2
1654715196,25.98,48.42,180.0,431.0,12771,20537,937.333,1.93,2.01,13.31,2.075,0.047,False,2
1655124491,26.787,44.16,28.0,407.0,12848,20754,937.554,1.86,1.93,12.79,1.995,0.045,False,2
1654717567,57.91,11.16,1394.0,400.0,13167,19307,936.709,0.79,0.82,5.4,0.857,0.47,False,2
1654766013,19.98,53.39,60.0,400.0,13240,20158,939.667,2.12,2.2,14.58,2.273,0.051,True,2
1654740262,-5.544,50.66,247.0,400.0,13123,20015,939.618,0.68,0.7,4.65,0.725,0.016,True,2
1654745063,14.276,47.84,1101.0,636.0,12794,19448,939.068,2.05,2.12,14.08,2.195,0.05,True,2
1654756968,-19.477,54.18,1348.0,413.0,12975,19380,938.713,1.79,1.86,12.29,1.916,0.043,True,2
1654903637,38.39,15.43,0.0,1296.0,12942,20563,930.946,0.87,0.91,6.01,0.937,0.021,True,2
1654784604,24.73,52.7,1389.0,418.0,12969,19374,938.691,1.82,1.89,12.51,1.952,0.044,True,2
1654716971,43.21770105231102,18.55432982562993,0.0,400.0,13625,21328,936.7984278362396,0.9988247945380464,1.0396804670170487,6.889206544329319,1.07419387050445,0.024427836239501,False,2
1654715982,24.55,44.47,0.0,400.0,13420,21217,937.394,1.92,1.99,13.21,2.06,0.047,False,2
1654735041,24.763773407875096,55.13461246770176,0.0,400.0,13156,20066,939.6281352642018,0.65272831980784,0.6740924797117599,4.479098238654879,0.6981375677790159,0.016,False,2
1655126534,-4.320834968872173,47.08492802328774,133.0,402.0491427695949,12786,20593,937.3298850280636,1.8898377181378216,1.9598377181378213,13.003453740199893,2.0283296040447127,0.045950857230405,False,2
1654764205,18.85773717726269,49.055547801725886,136.01459787176395,400.0,13160,20034,939.6570145978718,0.8437226099137056,0.8737226099137057,5.792773595635153,0.9037664035289976,0.0203430652478426,False,2
1654769130,19.43,50.12,320.0,400.0,13102,19948,939.427,0.29,0.3,1.97,0.307,0.0069999999999999,True,2
1654753806,11.064,47.79,1136.0,400.0,12974,19436,938.737,1.84,1.91,12.68,1.978,0.045,True,2
1654755880,-19.35,53.6,1316.0,407.0,12968,19404,938.766,1.74,1.8,11.95,1.863,0.042,True,2
1654712213,29.04373085872473,41.88695987799602,0.0,416.4350061315115,12876,20791,937.6062077791404,2.004155582806718,2.084155582806718,13.785030736094503,2.1495614171619697,0.0486038895701679,False,2
1654733636,23.733604890900597,49.75263406066271,4.860489090059366,400.0,12671,19726,939.8008526812132,0.0571317030331354,0.0871317030331354,0.3385268121325417,0.0949843842463896,0.0268526812132541,False,2
1654783403,24.76,52.42,1410.0,409.0,12955,19376,938.737,1.81,1.88,12.47,1.945,0.044,True,2
1654737286,0.033,52.81,129.0,400.0,13225,20080,939.662,2.5,2.6,17.24,2.688,0.061,True,2
1654755179,-10.774,49.6,1264.0,400.0,12968,19404,938.717,1.46,1.52,10.08,1.571,0.035,True,2
1654716222,28.69,61.63,2362.0,400.0,13386,20025,936.937,0.96,0.99,6.58,1.025,0.023,False,2
1654767656,21.49,49.94,184.0,400.0,13164,20081,939.653,0.86,0.89,5.91,0.922,0.021,True,2
1654763275,16.737008106358893,53.20669122889802,81.3621960115415,400.0,13112,19972,939.6068898305782,0.6051179069359683,0.6329918936411068,4.181573321962056,0.6519918936411068,0.0145747973410276,False,2
1654783291,24.52,53.46,1389.0,406.0,12958,19384,938.741,1.89,1.96,13.01,2.028,0.046,True,2
1654904032,35.88,15.56,0.0,400.0,13409,21087,930.914,0.75,0.78,5.2,0.81,0.018,True,2
1654717366,57.37761706903855,19.004056666558053,624.057452595055,400.0,11214,16294,936.8038425517218,0.8304822701158788,0.8604822701158789,5.71434043104291,0.8896751781622304,0.02,False,2
1654746324,20.844,48.46,1159.0,570.0,12818,19445,938.92,1.75,1.82,12.07,1.882,0.043,True,2
1654751700,19.645,49.11,1245.0,410.0,12909,19417,938.718,1.87,1.95,12.9,2.012,0.045,True,2
1654769358,18.79,53.8,320.0,400.0,13103,19942,939.394,0.31,0.32,2.13,0.332,0.0069999999999999,True,2
1654762216,15.343604946487329,51.20410695206759,1.909876337816832,400.0,12999,19923,939.725967078874,0.2212304478823927,0.2312304478823927,1.515580214050693,0.2367469084454208,0.0056065842252111,False,2
1654713401,26.094262788569047,47.124343028577385,82.99866266652772,400.71447676192463,12780,20641,937.4961407556189,1.999959879995832,2.0799598799958314,13.789732533305544,2.1498151123765856,0.0484276161903769,False,2
1654756848,-20.557,54.17,1379.0,406.0,12977,19382,938.696,1.79,1.86,12.31,1.919,0.043,True,2
1654712721,27.508526841794296,41.846659320787815,125.1089814223194,437.7820371553612,12808,20631,937.4742179628448,2.018910185776806,2.098910185776806,13.90237130043764,2.168692222932167,0.049,False,2
1654750948,16.642,51.25,1164.0,408.0,12900,19438,938.727,1.59,1.65,10.94,1.707,0.039,True,2
1654716115,26.967328920044874,59.33227986905592,378.0504665696412,400.0,12998,20778,937.0694739392236,1.559853445539351,1.6221498644269932,10.72356695655074,1.67306843198205,0.0376889256662927,False,2
1654779924,24.83,52.38,1230.0,402.0,12906,19424,938.722,1.79,1.86,12.33,1.922,0.043,True,2
1654767105,21.22,54.37,33.0,400.0,13261,20228,939.707,2.05,2.13,14.09,2.197,0.05,True,2
1655126536,-4.306,47.38,127.0,419.0,12788,20585,937.308,2.0,2.08,13.77,2.148,0.049,False,2
1654737058,2.64,52.15,232.0,400.0,13157,19983,939.671,1.37,1.42,9.42,1.469,0.033,True,2
1654712880,28.95,41.39,86.0,441.0,12794,20685,937.517,2.54,2.64,17.47,2.724,0.062,False,2
1655129978,5.265888366434353,14.82,687.6277977539806,400.0,13738,20507,936.6829944736404,0.6410555401892457,0.6621110803784913,4.40738878132472,0.6871610942081702,0.016,False,2
1654716174,28.73509210046505,68.47755320961281,1678.4563038449478,400.0,13426,20196,937.057124232496,0.6587576750387543,0.6831365125581313,4.540061400310034,0.7079470937984428,0.016,False,2
1654747374,17.512999999999998,51.79,1073.0,465.0,12865,19464,938.916,1.96,2.04,13.51,2.106,0.048,True,2
1654745441,17.635,52.87,1099.0,602.0,12814,19456,939.045,1.81,1.88,12.44,1.939,0.044,True,2
1654778651,27.12,47.33,1140.0,400.0,12901,19439,938.786,1.59,1.65,10.93,1.705,0.039,True,2
1654750424,14.576,53.49,1157.0,400.0,12893,19436,938.793,2.07,2.15,14.27,2.226,0.05,True,2
1654738062,-6.922999999999999,53.63,58.0,400.0,13237,20165,939.661,2.33,2.42,16.05,2.502,0.057,True,2
1654712485,28.073221928863788,42.71792960553139,37.262407795538,400.6375102449402,12839,20740,937.591200163919,2.0665012293928267,2.142876331842229,14.20825881064859,2.215788862577049,0.0499125307348206,False,2
1654761799,12.127520178030396,57.093913694594775,1.6269200697447834,400.0,12752,19768,939.829339429843,0.284067300174362,0.3281346003487239,1.824403801046172,0.3476942202441067,0.0452201900523085,False,2
1654749564,12.345,48.76,1241.0,436.0,12868,19417,938.767,1.66,1.73,11.45,1.786,0.04,True,2
1654735850,17.327513187409583,53.16693832795458,48.09632291550746,400.0,13191,20122,939.617770583324,1.0542206250695527,1.0942206250695528,7.230507604641944,1.1278353334075228,0.025807354168985,False,2
1654735446,21.50914837392183,53.94785682112917,15.197831895768948,400.0,13152,20044,939.6349835140088,0.7598351400868593,0.7898351400868593,5.199175700434297,0.8108681120694873,0.018,False,2
1654733678,24.123,53.03,0.0,400.0,12700,19743,939.82,0.07,0.09,0.41,0.102,0.024,False,2
1654741998,-4.97,51.04,340.0,400.0,13090,19922,939.317,0.32,0.33,2.2,0.342,0.008,True,2
1654712780,28.11,40.03,81.0,415.0,12815,20686,937.522,2.31,2.4,15.93,2.484,0.0559999999999999,False,2
1654784656,25.26,49.3,1415.0,425.0,12967,19379,938.699,1.82,1.89,12.54,1.956,0.044,True,2
1654742872,-4.753,61.97,735.0,795.0,12736,19550,939.145,2.41,2.5,16.59,2.587,0.0579999999999999,True,2
1654751572,19.206,53.9,1107.0,400.0,12920,19452,938.692,2.13,2.21,14.63,2.281,0.052,True,2
1654714879,28.87,57.36,168.0,424.0,12776,20553,937.363,1.56,1.62,10.73,1.6740000000000002,0.038,False,2
1654766986,21.36,53.68,24.0,400.0,13262,20230,939.727,2.69,2.79,18.48,2.882,0.065,True,2
1654746618,20.447,46.91,1103.0,515.0,12842,19452,938.919,1.87,1.94,12.84,2.002,0.045,True,2
1655127903,12.029373218616724,40.39229072175056,0.0,400.0,13264,21252,937.4591475773188,1.7944843238271762,1.864233611273866,12.322894542110092,1.9222085400185347,0.0438495724680138,False,2
1654783370,26.43,49.96,1375.0,400.0,12967,19391,938.728,1.99,2.07,13.7,2.136,0.048,True,2
1654714163,26.69,44.07,130.0,417.0,12772,20597,937.362,2.12,2.2,14.61,2.278,0.051,False,2
1655130005,10.072700050581998,16.52688703910462,752.7509767328147,400.0,13698,20482,936.669284049604,0.7483268217812352,0.777743162870297,5.130038729201461,0.8005096993059216,0.0177665364356246,False,2
1654779598,26.88,48.09,1172.0,400.0,12915,19439,938.703,1.69,1.76,11.63,1.813,0.0409999999999999,True,2
1654712603,27.43,42.5,96.0,418.0,12819,20681,937.551,1.92,1.99,13.21,2.061,0.047,False,2
1654716901,46.26092152222035,16.844770856035954,36.96544291673703,400.0,13569,21122,936.8313294936574,1.138432917588996,1.1818430444406915,7.848915232845429,1.2242416522646324,0.0273755697684325,False,2
1654752107,20.622,53.72,1212.0,404.0,12906,19416,938.703,1.8,1.87,12.39,1.931,0.044,True,2
1654737524,-2.468,53.29,91.0,400.0,13239,20132,939.652,2.23,2.31,15.33,2.391,0.054,True,2
1654762466,14.009764271134548,55.37854587174688,22.38114169076387,400.0,13043,19937,939.7603575688042,0.3740471457730903,0.3880942915461806,2.586424311957813,0.4030707186596355,0.009,False,2
1654712436,26.85735653636049,45.26520494805644,53.24795051943562,413.4959010388712,12839,20724,937.5765122968834,1.927520494805644,1.997520494805644,13.252643463639506,2.0670245937667726,0.0467520494805643,False,2
1654742518,-5.222,57.3,382.0,400.0,13043,19880,939.267,0.27,0.28,1.85,0.288,0.0069999999999999,True,2
1654740152,-5.908,54.73,220.0,400.0,13138,20044,939.615,0.39,0.41,2.69,0.42,0.009,True,2
1654752584,20.581,53.62,1233.0,410.0,12923,19420,938.702,1.41,1.47,9.71,1.514,0.034,True,2
1654742612,-5.162000000000001,59.44,581.0,563.0,12860,19673,939.234,2.54,2.64,17.47,2.724,0.062,True,2
1655127427,19.57240069543272,46.73435978740933,216.88719574818663,442.5370218900075,12762,20509,937.3740622826772,1.3017508692908957,1.3517508692908955,8.962256085036268,1.3979259562199848,0.0315875434645447,False,2
1654746158,20.791,52.61,1080.0,547.0,12831,19460,938.921,2.1,2.18,14.44,2.252,0.051,True,2
1654903879,35.41,16.24,38.0,1602.0,12752,20563,930.906,1.05,1.1,7.26,1.132,0.026,True,2
1654763830,20.25,48.5,0.0,400.0,13219,20167,939.594,1.03,1.07,7.11,1.109,0.025,False,2
1654712908,26.798626847608755,45.17054734396109,83.25273671980544,454.8736316400973,12776,20673,937.549609948041,2.4325273671980545,2.532527367198054,16.750218937584435,2.6120328406376654,0.059,False,2
1654764684,20.09,60.28,249.0,400.0,13151,19952,939.669,2.12,2.2,14.61,2.278,0.051,True,2
1654734258,27.05627679745064,51.562320254936566,0.4151961759515939,400.0,13017,19930,939.7604464050988,0.268616012746828,0.287232025493656,1.880312089227796,0.2934776140215108,0.0068616012746827,False,2
1654781217,26.81,48.39,1147.0,400.0,12933,19445,938.734,1.64,1.7,11.27,1.757,0.04,True,2
1654757671,-6.068,52.28,1258.0,400.0,12994,19409,938.788,2.04,2.12,14.04,2.189,0.049,True,2
1654782769,26.39,50.26,1314.0,400.0,12960,19406,938.698,1.75,1.82,12.03,1.876,0.042,True,2
1654713958,28.39,42.76,87.0,400.0,12793,20641,937.375,1.91,1.99,13.17,2.0540000000000003,0.046,False,2
1654713849,28.84,41.39,86.0,400.0,12785,20642,937.401,1.81,1.88,12.44,1.94,0.044,False,2
1654749736,12.643,47.36,1118.0,400.0,12889,19455,938.746,2.23,2.32,15.35,2.393,0.054,True,2
1654715754,27.6,41.12,0.0,400.0,13292,21241,937.481,1.87,1.94,12.87,2.006,0.045,False,2
1654784084,25.55,54.21,1331.0,400.0,12978,19396,938.734,1.74,1.8,11.95,1.863,0.042,True,2
1654745713,19.412,47.12,1071.0,568.0,12826,19459,938.962,1.91,1.98,13.14,2.05,0.046,True,2
1654783067,26.2,51.59,1314.0,400.0,12967,19402,938.717,2.24,2.32,15.4,2.401,0.054,True,2
1654779069,27.08,47.45,1130.0,400.0,12908,19450,938.701,1.56,1.62,10.74,1.675,0.038,True,2
1654712912,26.62317523669332,45.82910933725871,75.13649526613358,456.7725078897773,12781,20682,937.5311829589732,2.4149951735751016,2.504995173575101,16.597696120348385,2.5879951735751017,0.0588635047338664,False,2
1654769119,20.88,50.24,283.0,400.0,13119,19982,939.421,0.47,0.49,3.22,0.502,0.011,True,2
1654734767,26.248988479924787,48.99525169143988,9.23165539040084,400.0,13102,19998,939.6970230401504,0.56,0.5876834460959915,3.878417230479958,0.6043784122671941,0.0139999999999999,False,2
1654712657,29.59785073159973,39.80164181200039,75.26567248001545,401.0,12834,20693,937.5154925436,2.0493731007993823,2.1293731007993824,14.125104249195791,2.20289250147934,0.0497343275199845,False,2
1654784961,24.83,52.1,1402.0,415.0,12969,19376,938.71,1.5,1.56,10.35,1.614,0.036,True,2
1654773958,26.84,47.66,1000.0,550.0,12840,19472,938.988,1.8,1.87,12.37,0.0,0.044,True,2
1654734476,27.05321124024592,51.3638436549223,8.577519508158499,400.0,13060,19951,939.746,0.3673708008197358,0.3847416016394717,2.5463372073776225,0.3965820410656566,0.009,False,2
1654733920,25.907278198602608,50.42610521956348,12.777441117913115,400.0,12849,19818,939.8257233163667,0.1794436027947827,0.1894436027947827,1.247218013973914,0.1944992425153045,0.004,False,2
1654765766,20.19,52.71,86.0,400.0,13234,20121,939.68,2.25,2.34,15.52,2.42,0.055,True,2
1654736455,10.049973274408226,51.66379734837016,160.0,400.0,13160,20011,939.6328653555644,0.9282047408600806,0.9582047408600806,6.358779630375504,0.9922496223385786,0.022,False,2
1654743903,1.758,55.15,996.0,682.0,12777,19486,939.083,2.2,2.29,15.14,2.361,0.053,True,2
1654762257,14.15,57.65,0.0,400.0,13017,19941,939.753,0.14,0.14,0.93,0.145,0.003,False,2
1654783400,24.92,51.53,1421.0,412.0,12955,19380,938.735,1.89,1.96,13.0,2.027,0.046,True,2
1654753328,16.660999999999998,48.15,1189.0,400.0,12932,19434,938.714,1.85,1.92,12.72,1.983,0.045,True,2
1654715411,28.77,42.42,181.0,415.0,12772,20538,937.386,1.73,1.8,11.92,1.859,0.042,False,2
1654749808,12.792,51.19,1153.0,406.0,12882,19439,938.735,1.83,1.9,12.61,1.966,0.044,True,2
1655129901,-6.062,14.32,1187.0,400.0,13702,20377,936.663,0.84,0.88,5.81,0.906,0.02,False,2
1654717018,45.02974577444908,26.94949154889817,784.026031151622,400.0,12969,19263,936.848282082492,0.74,0.76,5.0751271127754585,4.842362249435405,0.2208801903829039,False,2
1654744523,8.459,48.08,1040.0,633.0,12810,19472,939.068,2.08,2.16,14.32,2.233,0.05,True,2
1655125033,9.666,45.81,75.0,457.0,12781,20683,937.53,2.42,2.51,16.63,2.593,0.059,False,2
1654742185,-5.148,54.95,362.0,400.0,13064,19902,939.285,0.36,0.38,2.5,0.39,0.009,True,2
1654903947,36.19,15.57,285.0,2641.0,12572,20326,930.927,1.3,1.35,8.96,1.3969999999999998,0.032,True,1
1654715641,28.175497993456844,40.780860634678746,0.0,400.0,13088,20993,937.46507570229,1.924948194111157,1.995497993456841,13.235736957469468,2.06455297339141,0.0471099598691368,False,2
1654770081,19.23,51.61,374.0,400.0,13060,19890,939.288,0.2,0.21,1.39,0.217,0.005,True,2
1654762157,15.00369255522785,52.041921529825935,4.888470821044371,400.0,12972,19904,939.8008153722386,0.1435192152982594,0.1535192152982593,1.0111152917895565,0.1575192152982593,0.0033519215298259,False,2
1654741512,-4.3660000000000005,52.97,321.0,400.0,13094,19938,939.362,0.23,0.23,1.55,0.242,0.005,True,2
1654904012,35.58,15.89,0.0,744.0,13167,20808,930.918,1.22,1.27,8.42,1.3130000000000002,0.03,True,2
1654738110,-7.22,51.84,25.0,400.0,13260,20195,939.66,2.29,2.38,15.76,2.457,0.0559999999999999,True,2
1654713421,28.7,41.79,76.0,400.0,12791,20660,937.492,2.15,2.23,14.8,2.3080000000000003,0.052,False,2
1654742244,-5.188,55.65,368.0,400.0,13058,19887,939.268,0.41,0.43,2.84,0.4429999999999999,0.01,True,2
1654712685,26.46,46.34,75.0,410.0,12824,20693,937.532,1.71,1.77,11.74,1.831,0.0409999999999999,False,2
1654733413,21.157075279033247,49.34960858908676,15.406626958505132,419.0512037634881,12535,19622,939.7849668652076,0.0267771159750855,0.0843976175103078,0.0113554231950171,0.0976506331783489,0.059807247618212,False,2
1654740305,-5.407,50.47,222.0,400.0,13143,20043,939.581,0.64,0.0,4.43,0.691,0.016,True,2
1654715578,28.28,44.69,235.0,451.0,12749,20486,937.428,1.59,1.65,10.94,1.705,0.039,False,2
1654755999,-20.294,53.57,1356.0,402.0,12969,19391,938.758,2.14,2.22,14.74,2.298,0.052,True,2
1654772751,25.98,51.33,1019.0,611.0,12813,19481,939.099,2.27,2.36,15.61,2.434,0.055,True,2
1654785462,24.33,53.35,1197.0,400.0,13022,19428,938.752,2.34,2.43,16.1,2.51,0.057,True,2
1654762620,14.893906568107472,53.14067478589048,22.802076264278405,400.0,13068,19949,939.7123958474716,0.531979237357216,0.551979237357216,3.6498442801791193,0.5697761229607983,0.013,False,2
1654762930,15.579540682469448,55.852296587652766,3.0,400.0,13132,20013,939.6178622047408,0.5947703412347234,0.6247703412347234,4.118622047408341,0.6417703412347234,0.0144770341234722,False,2
1654746411,20.788,53.37,1073.0,527.0,12840,19457,938.914,2.17,2.25,14.91,2.325,0.053,True,2
1655127687,14.316,49.54,245.0,438.0,12760,20472,937.468,1.77,1.84,12.17,1.898,0.043,False,2
1654784448,26.29,51.09,1302.0,400.0,12981,19412,938.724,1.94,2.02,13.37,2.085,0.047,True,2
1655125195,1.0857356477423317,40.526395910630384,70.740029209783,400.0,12786,20678,937.5470398831608,2.1112998539510848,2.2,14.543899561853252,2.2686499269755425,0.051,False,2
1654747834,15.239,52.26,1126.0,466.0,12861,19445,938.919,1.96,2.04,13.52,2.108,0.048,True,2
1654747835,15.235,52.38,1124.0,465.0,12860,19448,938.925,1.93,2.0,13.26,2.068,0.047,True,2
1654777910,26.51,49.6,1096.0,400.0,12894,19461,938.776,1.62,1.68,11.13,1.736,0.039,True,2
1654903449,40.56,15.46,2218.0,683.5,11322,19021,930.949,0.97,1.01,6.66,1.053,0.959,True,0
1654734039,26.481,50.29,14.0,400.0,12919,19871,939.772,0.25,0.26,1.69,0.264,0.006,False,2
1655126192,-4.389328836103041,46.523548123804,97.30134916908776,400.0,12798,20625,937.382,2.1469865083091224,2.234657672206082,14.799590213751694,2.3072878574782103,0.052232883610304,False,2
1654785258,25.03,50.85,1413.0,413.0,12970,19372,938.729,1.54,1.6,10.59,1.652,0.037,True,2
1655125992,-4.476164490037105,46.64723469068539,100.82836735403248,410.65673470806496,12779,20613,937.3892836735404,1.921716326459675,2.0,13.235148979379026,2.063858163229838,0.047,False,2
1654739644,-7.676,49.94,184.0,400.0,13164,20081,939.653,0.86,0.89,5.91,0.922,0.021,True,2
1654713838,28.45,42.67,62.0,400.0,12798,20654,937.402,1.82,1.9,12.56,1.959,0.044,False,2
1654713729,28.858812107903844,41.262078811168266,80.11878920961547,400.0,12794,20640,937.402,1.9105939460480768,1.9905939460480773,13.17415762233654,2.0546236433504816,0.0460296973024038,False,2
1655128535,19.729,34.58,0.0,400.0,12819,19272,936.87,0.44,0.46,3.06,0.476,0.011,False,2
1654778530,27.11,47.33,1141.0,400.0,12899,19444,938.764,1.61,1.68,11.11,1.732,0.039,True,2
1655126243,-4.666045873315649,47.78663610408759,126.3088685465551,413.7645258137796,12781,20589,937.3842048919756,1.7922018308100407,1.8622018308100408,12.332324130204734,1.9234220138910447,0.0433822629068897,False,2
1654743736,0.178,51.51,904.0,687.0,12783,19510,939.1,2.06,2.14,14.19,2.212,0.05,True,2
1654755137,-10.139,47.67,1320.0,400.0,12966,19401,938.724,1.98,2.06,13.63,2.126,0.048,True,2
1654757757,-3.499,50.5,1320.0,407.0,12994,19398,938.783,2.02,2.1,13.93,2.172,0.049,True,2
1654716569,46.17,26.26,764.0,427.0,12800,19233,936.875,1.02,1.06,6.99,1.09,0.025,False,2
1654774996,25.38,48.51,1094.0,518.0,12833,19452,938.87,1.8,1.87,12.38,1.931,0.044,True,2
1654752153,20.682,52.63,1224.0,403.0,12910,19417,938.686,1.57,1.63,10.79,1.682,0.038,True,2
1654716101,25.03928985132053,51.84573019738665,337.21433428675925,400.0,12904,20814,937.0227143929088,1.6385712610801404,1.6985712610801404,11.244284575344956,1.7540712493557502,0.0395714252216028,False,2
1654779736,25.34,48.89,1289.0,433.0,12899,19406,938.718,1.71,1.78,11.76,1.834,0.0409999999999999,True,2
1654735803,17.853506407072647,54.1005749960114,1.1357811752137157,400.0,13225,20163,939.6193498439244,0.9037859372507124,0.9437859372507124,6.226501560754986,0.9711645309757836,0.022,False,2
1655127151,19.361,49.12,151.0,400.0,12789,20562,937.415,1.44,1.5,9.94,1.5490000000000002,0.035,False,2
1654755985,-20.193,49.99,1387.0,422.0,12965,19380,938.744,2.01,2.08,13.81,2.153,0.049,True,2
1654775893,27.18,46.95,1122.0,467.0,12859,19442,938.902,2.02,2.1,13.91,2.168,0.049,True,2
1654742893,-4.702,59.75,686.0,756.0,12751,19578,939.136,2.68,2.78,18.43,2.874,0.065,True,2
1655128026,12.275546406171452,42.4612723908586,0.0,400.0,13444,21283,937.3918488020572,2.1284880205715053,0.1655617474201478,14.676392185143548,2.288807629828683,0.0519244010285752,False,2
1654786234,24.38,54.03,1331.0,425.0,12986,19391,938.856,1.75,1.82,12.04,1.878,0.042,True,2
1654752057,20.544,50.1,1207.0,400.0,12917,19425,938.703,1.53,1.59,10.52,1.64,0.037,True,2
1654714953,26.067875437313408,48.00233216716424,155.59584791044696,429.0,12771,20559,937.3585750874628,1.5421245626865911,1.6021245626865912,10.590830417910608,1.652124562686591,0.037404152089553,False,2
1654717201,52.21743842345138,24.004005304935355,418.3080713614413,597.7711254322654,11089,16213,936.8457737779,0.82,0.8494278135806635,5.61828344074199,0.8788283440741991,0.021,False,2
1655125696,-8.489874372870622,46.80750418086252,88.07237942332242,400.0,12784,20631,937.4237371061598,1.7478286173003277,1.8078286173003275,12.005524115335517,1.872683858453683,0.042,False,2
1654771015,21.25,61.1,0.0,954.0,12640,19508,939.123,2.51,2.6,17.25,2.6910000000000003,0.061,True,2
1654761991,14.690615198472502,50.22904704733199,10.150784122199854,400.0,12881,19848,939.8163630880916,0.31,0.32,2.12,0.3307876960305499,0.0069999999999999,False,2
1654739661,-7.62,49.29,202.0,400.0,13146,20063,939.735,0.92,0.95,6.32,0.985,0.022,True,2
1655126785,3.898,48.77,168.0,447.0,12764,20550,937.31,2.01,2.09,13.86,2.161,0.049,False,2
1654743218,-3.509,50.9,694.0,768.0,12749,19569,939.147,3.1,3.22,13.42,3.3280000000000003,0.075,True,2
1654738769,-9.262,52.72,29.0,400.0,13247,20219,939.708,2.79,2.9,19.19,2.992,0.068,True,2
1654740069,-6.195,49.84,206.0,400.0,13151,20068,939.599,0.72,0.75,4.94,0.7709999999999999,0.017,True,2
1655128313,15.861241156465864,63.74048233177152,2136.0096466354303,400.0,13358,20077,937.0375401927444,0.6372990362784464,0.6572990362784464,4.363794217670678,0.6804791005265499,0.015,False,2
1654750958,16.684,53.14,1138.0,404.0,12899,19447,938.702,1.31,1.37,9.05,1.411,0.032,True,2
1654773641,24.4,53.23,1023.0,572.0,12823,19477,939.0,1.82,1.89,12.54,1.956,0.044,True,2
1654742724,-5.033,58.72,630.0,555.0,12864,19627,939.195,2.42,2.52,16.67,2.6,0.059,True,2
1654735325,22.605,53.36,84.0,400.0,13107,19974,939.628,0.65,0.68,4.49,0.7,0.016,False,2
1655128157,13.48,46.0,0.0,400.0,13280,21146,937.278,1.65,1.71,11.34,1.768,0.04,False,2
1655127105,18.12266476090301,42.82609040362583,149.762177013855,413.4234316743639,12771,20560,937.4165081180092,1.6783062733025444,1.7391531366512722,11.530684503163991,1.79847564597229,0.0409153136651271,False,2
1654712930,27.799881469485516,46.41409047404901,50.36163519910605,413.5432994451911,12795,20712,937.5347266569844,2.140916787695746,2.220916787695746,14.72641751387022,2.296190130711405,0.0518183357539149,False,2
1655127167,19.714,42.72,169.0,427.0,12776,20553,937.434,1.81,1.88,12.48,1.946,0.044,False,2
1654714888,26.227407605548,47.17145616928293,177.26420281461333,444.2123549255733,12765,20542,937.3541086591476,1.73,1.8,11.916321014073066,1.85894815211096,0.042,False,2
1654715837,28.013282305529387,38.04702386129429,0.0,400.0,13352,21170,937.4519693833176,2.106717694470613,2.1934353889412264,14.523741555764904,2.265061233364736,0.051,False,2
1655126205,-4.454,41.92,138.0,404.0,12785,20586,937.371,1.85,1.92,12.73,1.985,0.045,False,2
1654734761,26.277,49.66,8.0,400.0,13104,20006,939.682,0.64,0.66,4.37,0.682,0.015,False,2
1654733867,25.59083572488206,50.213285502358886,11.263689593162017,400.0,12812,19807,939.8202089312206,0.1473631040683798,0.1526368959316201,0.9968155203418992,0.1593732063384581,0.0063732063384581,False,2
1654716209,28.38,64.17,2281.0,400.0,13371,20045,936.995,0.61,0.64,4.23,0.659,0.015,False,2
1654712870,27.69,46.84,59.0,421.0,12802,20711,937.516,2.28,2.37,15.69,2.447,0.055,False,2
1654778345,26.99,47.6,0.0,400.0,12903,19466,938.787,2.19,2.28,15.1,2.355,0.053,True,2
1654715847,25.35760623993478,42.93724852053808,0.0,400.0,13362,21200,937.4518098440016,1.6347538999592366,1.695704679951084,11.244228079706506,1.7532292899551607,0.0391901559983694,False,2
1655124861,18.52321292835189,46.26981878438137,75.99546960953427,400.0,12832,20696,937.5,2.1601812156186293,2.2401812156186294,14.84135911713972,2.3152038675709576,0.0520045303904657,False,2
1654753149,18.125,48.06,1172.0,400.0,12929,19441,938.698,1.8,1.87,12.39,1.932,0.044,True,2
1654746543,20.601,47.98,1141.0,527.0,12841,19450,938.883,2.22,2.3,15.26,2.38,0.054,True,2
1654739937,-6.66,51.83,193.0,400.0,13157,20071,939.592,0.75,0.78,5.17,0.8059999999999999,0.018,True,2
1654745939,20.356,48.84,1036.0,554.0,12836,19464,938.979,1.95,2.02,13.41,2.091,0.047,True,2
1654785811,24.45,53.68,1327.0,410.0,12992,19398,938.788,2.21,2.29,15.18,2.367,0.053,True,2
1654903954,36.53,15.27,0.0,1064.0,13002,20659,930.892,1.26,1.31,8.66,1.35,0.03,True,2
1655125108,5.596483292398871,46.96957974574011,84.44358050928173,419.133851694431,12778,20668,937.5273805423705,1.9657743220371269,2.0386614830556904,13.50908173731558,2.106506618648265,0.0472887161018563,False,2
1654778227,27.04,47.51,1138.0,413.0,12889,19446,938.749,2.09,2.18,14.42,2.248,0.051,True,2
1655125572,-9.276,46.22298037003589,69.67835439229762,400.0,12788,20669,937.4713041140192,1.8189481046932137,1.888948104693214,12.50959559265994,1.9502346871240237,0.0436432912154047,False,2
1654776905,27.02,47.42,1140.0,410.0,12879,19455,938.824,1.93,2.0,13.28,2.07,0.047,True,2
1654736425,10.429,45.14,185.0,400.0,13140,19993,939.654,0.77,0.8,5.27,0.8220000000000001,0.019,False,2
1654736308,11.878118192900082,47.144326740796,181.60945543200663,400.0,13134,19992,939.655828366296,0.9260945543200666,0.9641418314800998,6.394850988880599,0.9975323760480932,0.0228047277160033,False,2
1655126180,-4.329825633995874,47.50804848309927,106.51039284297384,403.73441073553926,12784,20612,937.3892448035784,2.025103928429738,2.105103928429738,13.944399552685864,2.173726330218995,0.0493775982107434,False,2
1654712495,26.87993637996562,45.2072874476103,9.75477150257846,400.0,12834,20748,937.5682839792458,2.155031810017189,2.240451127518622,14.846061305123191,2.315076922769052,0.0526257952504297,False,2
1654771258,22.05,57.83,718.0,742.0,12756,19544,939.14,2.45,2.55,16.9,2.635,0.06,True,2
1654771013,21.26,61.05,862.0,960.0,12643,19513,939.14,2.49,2.58,17.11,2.668,0.06,True,2
1654713164,26.13,47.05,81.0,400.0,12782,20667,937.544,2.25,2.34,15.48,2.4130000000000003,0.055,False,2
1654736033,15.211060160544983,52.4159098955778,88.08071322018156,400.0,13193,20083,939.6555129985082,0.9837756908439944,1.0237756908439943,6.769945556586872,1.0550725467082125,0.0236484279321089,False,2
1654765701,20.4,51.05,110.0,400.0,13228,20101,939.644,2.27,2.36,15.6,2.4330000000000003,0.055,True,2
1655127519,17.836864416088112,44.05327927197705,200.88308505762816,418.05845747118593,12776,20519,937.3491712237536,1.701189892723183,1.7676617011525633,11.71832924906228,1.8276617011525635,0.041294361685876,False,2
1654755075,-9.185,47.77,1327.0,400.0,12961,19396,938.73,2.25,2.34,15.49,2.415,0.055,True,2
1654766075,19.91,53.73,65.0,400.0,13231,20148,939.684,2.3,2.39,15.86,2.474,0.0559999999999999,True,2
1655128181,13.795175975443849,41.297988852070304,185.58798772192424,400.0,13170,20966,937.0345125696746,1.7802513934912123,1.8502513934912124,12.236382664201669,1.908226254142091,0.043,False,2
1654762043,14.7,51.16,17.0,400.0,12913,19859,939.781,0.11,0.12,0.78,0.122,0.003,False,2
1654765140,22.36,47.23,149.0,400.0,13216,20069,939.655,1.59,1.65,10.95,1.7080000000000002,0.039,True,2
1654761998,13.334788974200196,50.2975312763281,30.024814408570503,400.0,12868,19822,939.7993554612364,0.2974379639785737,0.3074379639785737,2.056941675807164,0.3206693531721459,0.0069999999999999,False,2
1654761696,13.797649310095222,50.96820827885733,7.956163761902785,400.0,12701,19743,939.8204263017428,0.08,0.11,0.49,0.1161912327523804,0.026,False,2
1654747179,18.438,52.7,1161.0,520.0,12841,19438,938.903,2.15,2.23,14.8,2.309,0.052,True,2
1655129869,-9.765,12.75,1915.0,400.0,13607,20191,936.699,0.71,0.74,4.92,0.767,0.017,False,2
1654746151,20.784,51.67,1074.0,552.0,12834,19464,938.934,2.18,2.26,15.0,2.34,0.053,True,2
1655126684,-0.3683705634267231,42.78550643742479,194.3238850546749,446.2955402186994,12764,20526,937.3323522298908,1.8864777010934968,1.956477701093497,12.958724482381106,2.020463528675509,0.0456619425273374,False,2
1654746354,20.831,51.66,1046.0,520.0,12844,19472,938.918,1.85,1.92,12.74,1.986,0.045,True,2
1654761569,10.99,56.85,10.0,400.0,12608,19674,939.79,0.06,0.11,0.28,0.121,0.049,False,2
1654736381,10.977,50.92,175.0,400.0,13147,19988,939.68,0.85,0.88,5.82,0.908,0.021,False,2
1654733800,25.131479876487308,51.3656037053807,13.0,400.0,12764,19780,939.818602683135,0.1560268313502533,0.1830134156751266,1.0101341567512665,0.1900268313502533,0.0236026831350253,False,2
1654766072,20.01,53.49,60.0,400.0,13240,20151,939.656,2.34,2.43,16.07,2.507,0.057,True,2
1654735862,17.18697679146675,55.15155788236252,64.0,400.0,13185,20106,939.6268891789804,0.9858891789803668,1.0258891789803666,6.777113431842933,1.0566559326744769,0.024,False,2
1654755136,-10.124,47.71,1341.0,400.0,12965,19394,938.722,1.99,2.07,13.7,2.136,0.048,True,2
1654767316,20.16,50.96,137.0,400.0,13188,20131,939.685,2.0,2.08,13.78,2.148,0.049,True,2
1654742785,-4.934,57.6,636.0,530.0,12874,19622,939.188,2.77,2.88,19.07,2.974,0.067,True,2
1654777130,26.56,49.52,1092.0,403.0,12886,19461,938.804,1.93,2.01,13.3,2.074,0.047,True,2
1654778824,27.01,47.66,1205.0,400.0,12905,19441,938.733,1.76,1.83,12.12,1.89,0.043,True,2
1654712215,29.31,40.62,11.0,434.0,12863,20782,937.608,2.0,2.07,13.74,2.142,0.048,False,2
1654774038,25.12,49.85,1107.0,570.0,12828,19457,938.983,2.01,2.09,13.81,2.154,0.049,True,2
1654783300,24.38,54.03,1394.0,408.0,12960,19395,938.747,2.15,2.24,14.82,2.312,0.052,True,2
1654736298,11.995365326177687,45.39792770038656,161.84585027026128,400.0,13158,20011,939.6453173369111,0.9297797861003732,0.9597797861003732,6.378458502702613,0.9947577647104106,0.022,False,2
1654712364,27.950063395637173,42.30607576974816,55.83544320584285,420.4177216029214,12838,20728,937.5658797472132,1.9738607683067495,2.045949376321357,13.562848162118032,2.1142025411301213,0.0480443040073035,False,2
1654734961,25.265774831242695,53.5823180650044,27.119206043370376,400.0,13119,20014,939.5925099324973,0.672516554161799,0.7012582770808994,4.641324493728095,0.7246357602051693,0.0161258277080899,False,2
1654768921,18.69,54.58,290.0,400.0,13114,19979,939.469,0.23,0.24,1.57,0.245,0.006,True,2
1654778969,24.68,53.03,1136.0,400.0,12901,19446,938.707,1.34,1.39,9.2,1.435,0.032,True,2
1654773060,26.67,47.76,965.0,597.0,12823,19484,939.052,2.0,2.08,13.76,2.146,0.048,True,2
1654715040,28.46938040991117,43.30823052431978,161.0,410.53097950444135,12781,20557,937.4236814122974,1.7846902049555866,1.854690204955587,12.276017311715757,1.9136902049555864,0.0428938040991117,False,2
1655127067,16.807000000000002,46.47,164.0,430.0,12772,20561,937.348,1.47,1.52,10.09,1.5730000000000002,0.036,False,2
1654734089,26.66700418553437,51.48576561007496,14.400418553437571,400.0,12945,19883,939.7675912103778,0.2440041855343757,0.2540041855343757,1.6540251132062544,0.2586037669809382,0.006,False,2
1655126087,-4.08,41.65934869843736,90.74503549716307,400.0,12790,20637,937.4123399526704,1.8933995267044923,1.9642494083806157,13.015496450283694,2.0289944438777785,0.0460849881676123,False,2
1654716694,51.32,21.97,24.0,671.0,12677,18831,936.935,0.93,0.97,6.4,0.998,0.023,False,2
1654713106,26.13,47.09,78.0,400.0,12785,20680,937.557,2.06,2.14,14.17,2.21,0.05,False,2
1654776750,24.68,52.87,1130.0,427.0,12874,19448,938.832,1.91,1.99,13.16,2.052,0.046,True,2
1654769586,18.78,53.95,331.0,400.0,13093,19934,939.416,0.27,0.28,1.83,0.286,0.006,True,2
1654746131,20.761,47.33,1002.0,541.0,12837,19474,938.943,2.15,2.23,14.79,2.306,0.052,True,2
1654761634,13.503072667157165,52.49245788635465,15.474855498330754,400.0,12660,19715,939.7879609000736,0.1678212221404725,0.2478212221404725,0.9291061107023624,0.2691675887826142,0.080128488856189,False,2
1654785763,24.28,54.18,1354.0,422.0,12979,19388,938.807,1.9,1.97,13.06,2.037,0.046,True,2
1654783587,24.61,53.12,1383.0,401.0,12964,19381,938.684,1.94,2.02,13.36,2.083,0.047,True,2
1654734783,26.183000000000003,53.23,43.0,400.0,13090,19973,939.708,0.62,0.64,4.26,0.664,0.015,False,2
1654712912,26.63,45.81,75.0,457.0,12781,20683,937.53,2.42,2.51,16.63,2.593,0.059,False,2
1655125777,-7.407,43.13,62.0,400.0,12798,20659,937.42,1.82,1.89,12.52,1.952,0.044,False,2
1654747282,17.958,57.36,1145.0,505.0,12848,19447,938.946,2.03,2.1,13.94,2.174,0.049,True,2
1655128184,13.828,40.85,169.0,400.0,13185,20977,937.047,1.82,1.89,12.52,1.952,0.044,False,2
1654776970,27.09,47.2,1126.0,415.0,12875,19438,938.824,1.54,1.6,10.63,1.6569999999999998,0.037,True,2
1654737624,-3.434,47.26,119.0,400.0,13216,20101,939.657,1.88,1.96,12.95,2.02,0.046,True,2
1654776555,25.58,47.69,1189.0,467.0,12858,19435,938.842,2.05,2.13,14.1,2.199,0.05,True,2
1654735651,19.49,47.73,9.0,400.0,13214,20148,939.61,0.78,0.81,5.34,0.8320000000000001,0.019,False,2
1654712415,29.829041573243703,39.20191685351259,45.2055430991604,415.0958426756297,12836,20736,937.5748902995764,1.921916853512594,2.001916853512594,13.25643183233606,2.0677113104134337,0.0466986142252099,False,2
1654771919,23.39,55.31,0.0,680.0,12791,19503,939.097,2.34,2.43,16.1,2.511,0.057,True,2
1654779033,24.58,53.42,1122.0,400.0,12904,19444,938.703,1.29,1.34,8.89,1.386,0.031,True,2
1654737616,-3.359,47.66,109.0,400.0,13231,20109,939.664,1.91,1.99,13.17,2.053,0.046,True,2
1654776197,25.28,49.38,1157.0,467.0,12857,19438,938.848,1.56,1.63,10.77,1.679,0.038,True,2
1655125069,7.672009005234891,40.65859503420759,66.95379436612198,437.48797867212886,12777,20685,937.5502772338032,1.8869872354098964,1.9669872354098965,13.004954973825548,2.0286157106612657,0.0456746808852474,False,2
1654745665,19.146,49.2,1096.0,589.0,12817,19455,939.008,2.3,2.39,15.83,2.468,0.0559999999999999,True,2
1654773930,24.65,52.63,1086.0,577.0,12827,19462,939.008,1.91,1.98,13.13,2.048,0.046,True,2
1654735297,22.843000000000004,47.38,50.0,400.0,13128,20003,939.568,0.95,0.99,6.56,1.022,0.023,False,2
1655128469,18.70763975884732,46.18579684113488,1045.7929600904065,400.0,13072,19573,936.9260683204068,0.41,0.0222567902813216,2.830517599773984,0.4420517599773984,0.01,False,2
1655127357,20.480515242959203,42.23165957782944,177.96449249536158,426.8934774860848,12767,20531,937.3432543424026,1.598876876159606,1.6595870262523742,11.011783058070856,1.716622533757013,0.0392130450278305,False,2
1655130033,15.697152829482375,15.730827464170806,537.2813378180742,400.0,13779,20658,936.64567852062,0.540992957004968,0.5611584498391293,3.736950699034776,0.5820922527054647,0.0130330985668322,False,2
1654757158,-17.095,50.12,1354.0,405.0,12978,19385,938.69,1.61,1.67,11.08,1.7280000000000002,0.039,True,2
1655126816,5.362,42.06,173.0,429.0,12771,20559,937.327,1.76,1.83,12.1,1.886,0.043,False,2
1654712192,27.22,44.09,19.0,449.0,12862,20754,937.583,2.29,2.38,15.78,2.46,0.0559999999999999,False,2
1655130043,17.588,15.73,635.0,400.0,13718,20569,936.668,0.64,0.67,4.42,0.69,0.016,False,2
1655127787,12.786737746067862,44.269015121538814,0.0,400.0,12992,20850,937.4525409985702,2.041147503574672,2.1211475035746714,14.048032525022697,2.190262253932138,0.0490286875893667,False,2
1654712932,27.458978156606907,44.824862927846354,68.0,443.40048238650695,12785,20692,937.548199035227,2.113151815749415,2.198009647730139,14.536636206188078,2.2664101301166464,0.0514573495942172,False,2
1654715153,27.94,46.06,167.0,410.0,12779,20558,937.373,1.72,1.78,11.82,1.843,0.042,False,2
1654776616,25.4,48.62,1180.0,456.0,12865,19436,938.809,1.47,1.53,10.11,1.577,0.036,True,2
1654753658,13.025,53.17,1264.0,400.0,12950,19403,938.746,1.93,2.01,13.29,2.072,0.047,True,2
1654755783,-18.45,48.73,1339.0,400.0,12968,19394,938.736,1.74,1.8,11.95,1.863,0.042,True,2
1654784401,26.85,48.2,1318.0,400.0,12973,19397,938.72,1.74,1.81,11.99,1.869,0.042,True,2
1655126244,-4.671157679678147,47.80717468739796,135.35873436989812,417.6412656301019,12777,20587,937.3702444297052,1.7320105469175158,1.796412656301019,11.906084375340129,1.8568528672393692,0.0418804218767005,False,2
1654715927,24.41,44.9,0.0,400.0,13428,21249,937.381,2.18,2.26,14.98,2.336,0.053,False,2
1654763770,19.92,49.67,24.0,400.0,13205,20138,939.616,1.12,1.16,7.71,1.202,0.027,False,2
1654743376,-2.616,53.1,831.0,722.0,12771,19529,939.116,2.21,2.3,15.21,2.371,0.054,True,2
1655127544,17.303138799549863,45.44221877787391,203.26919052977823,438.8769713642661,12763,20517,937.374853838106,1.449768667416895,1.499768667416895,9.968380671918265,1.553891696052629,0.0348538381059556,False,2
1655124518,27.039,40.91,57.0,420.0,12843,20717,937.555,2.16,2.24,14.84,2.314,0.052,False,2
1654733482,22.032,52.13,28.0,433.0,12543,19638,939.82,0.21,0.54,0.58,0.614,0.324,False,2
1654767159,19.49,55.83,30.0,400.0,13254,20221,939.662,2.47,2.56,16.97,2.6460000000000004,0.06,True,2
1654776436,25.4,48.65,1153.0,461.0,12858,19440,938.812,1.84,1.91,12.66,1.974,0.045,True,2
1654751433,18.68,52.53,1187.0,408.0,12902,19441,938.719,1.67,1.73,11.48,1.79,0.04,True,2
1654714387,28.66,41.86,115.0,401.0,12788,20604,937.327,1.66,1.73,11.43,1.783,0.04,False,2
1654712749,26.36,46.73,63.0,400.0,12831,20708,937.484,1.94,2.01,13.33,2.0780000000000003,0.047,False,2
1654775394,26.75,48.34,1111.0,480.0,12855,19454,938.902,1.8,1.87,12.39,1.932,0.044,True,2
1654766528,22.25,48.51,21.0,400.0,13255,20193,939.708,2.54,2.64,17.49,2.727,0.062,True,2
1654747301,17.867,52.92,1103.0,483.0,12854,19451,938.922,1.93,2.01,13.31,2.076,0.047,True,2
1654715565,25.776630924652554,49.50684537673723,243.3422688368616,439.3261849305108,12758,20472,937.462695260278,1.7666845376737232,1.8366845376737235,12.163369075347449,1.8966738150694893,0.043,False,2
1654734240,27.031757571623853,57.10196930426584,12.17424965826089,400.0,12999,19909,939.7679697135046,0.1362121418807454,0.1462121418807454,0.963484993165218,0.1508333560688199,0.0033106070940372,False,2
1654767966,21.41,49.4,201.0,400.0,13155,20073,939.611,0.86,0.89,5.93,0.924,0.021,True,2
1655129004,11.538316179229549,17.012667045258603,233.5208274178343,400.0,13502,20925,936.8271708132206,1.562124680563053,1.6251663353987218,10.768789454270037,1.678816321201524,0.038129158384968,False,2
1654774440,26.95,47.48,1099.0,537.0,12841,19454,938.908,2.36,2.45,16.23,2.53,0.057,True,2
1654761930,14.42,50.63,9.0,400.0,12841,19821,939.825,0.2,0.21,1.39,0.217,0.005,False,2
1654764213,18.55,51.19,140.0,400.0,13160,20042,939.656,0.79,0.82,5.45,0.8490000000000001,0.019,False,2
1654714066,25.79756717180974,47.92913727222739,107.84865656380518,409.1513434361949,12779,20613,937.3873026868724,2.033946262552207,2.113946262552207,13.992164140951292,2.1812489494245964,0.049,False,2
1655126796,4.420405475138556,44.93620733771672,144.72191181381703,416.178839896565,12774,20570,937.3250795916068,2.33728464041374,2.42728464041374,16.07827712330992,2.5074700325378623,0.0563642320206869,False,2
1654717388,59.28,13.57,1253.5,400.0,11508,16858,936.778,0.81,0.83,5.48,0.866,0.02,False,2
1654903024,22.09,52.65,16.0,4793.0,12232,19684,931.198,1.75,1.82,12.05,1.879,0.043,False,1
1654784642,26.87,48.15,1343.0,400.0,12970,19395,938.707,1.99,2.06,13.66,2.131,0.048,True,2
1654782277,24.43,53.61,1390.0,429.0,12943,19381,938.699,2.07,2.15,14.22,2.217,0.05,True,2
1654903101,24.83,44.74,134.0,1334.0,13029,19845,931.213,1.84,1.91,12.68,1.976,0.045,True,2
1654745990,20.497,53.32,1073.0,566.0,12831,19456,938.983,1.81,1.88,12.42,1.937,0.044,True,2
1654751046,17.061,48.13,1105.0,400.0,12910,19445,938.701,1.7,1.77,11.72,1.828,0.0409999999999999,True,2
1654766280,22.19,49.13,38.0,400.0,13251,20178,939.695,2.36,2.46,16.27,2.537,0.057,True,2
1654777663,24.45,53.7,1143.0,400.0,12883,19435,938.747,1.67,1.74,11.49,1.7919999999999998,0.04,True,2
1654735337,22.50005739251569,52.84712919063573,37.18127067006039,400.0,13134,20008,939.624746221062,0.6421752480407246,0.6625377893808454,4.406314360305434,0.6875377893808454,0.0150725082680241,False,2
1654736058,14.921,46.85,87.0,400.0,13190,20087,939.629,1.07,1.11,7.37,1.149,0.026,False,2
1654776104,25.7,53.57,1038.0,426.0,12884,19469,938.879,1.74,1.81,12.0,1.872,0.042,True,2
1654743365,-2.6860000000000004,57.55,852.0,722.0,12766,19516,939.135,2.14,2.23,14.74,2.299,0.052,True,2
1654750067,13.439,53.69,1130.0,401.0,12886,19446,938.761,1.74,1.81,11.99,1.87,0.042,True,2
1654735107,24.312878226735165,50.15781225045688,35.54633637899526,400.0,13130,20024,939.617546336379,0.7617564534703322,0.7917564534703321,5.264148629452135,0.8206637807123416,0.0184536636210047,False,2
1654712855,26.520962685824976,46.14203532541173,67.38074628350047,449.8884079948344,12788,20685,937.482761492567,2.29253830855667,2.38253830855667,15.801422388505014,2.464776815989669,0.0559999999999999,False,2
1654756016,-20.414,50.97,1314.0,400.0,12974,19398,938.739,1.97,2.05,13.55,2.114,0.048,True,2
1654754412,1.682,47.7,1360.0,413.0,12953,19390,938.693,1.82,1.89,12.5,1.949,0.044,True,2
1654751779,19.889,47.39,1208.0,400.0,12915,19427,938.706,1.56,1.62,10.74,1.675,0.038,True,2
1654742512,-5.224,56.16,376.0,400.0,13042,19884,939.266,0.36,0.37,2.47,0.385,0.009,True,2
1654769907,20.96,50.4,329.0,400.0,13096,19928,939.338,0.32,0.33,2.21,0.344,0.008,True,2
1655128035,12.327779248342743,44.08496518338401,0.0,400.0,13437,21267,937.3967172699956,2.21,2.2978621166594277,15.23144846663771,2.3757172699956564,0.054,False,2
1654737266,0.255,47.08,172.0,400.0,13207,20047,939.661,2.16,2.24,14.86,2.317,0.052,True,2
1654761836,11.94,53.81,18.0,400.0,12766,19769,939.821,0.26,0.27,1.79,0.2789999999999999,0.006,False,2
1654714933,28.82731866939712,42.23804399180863,154.13406653014394,415.4692328555038,12778,20564,937.3634637338796,2.0153626612057574,2.095362661205757,13.858879293741744,2.160167060386621,0.0491340665301439,False,2
1654716021,25.58,40.55,0.0,400.0,13367,21296,937.42,1.5,1.55,10.3,1.606,0.036,False,2
1655128538,19.78178994633871,33.28760502683065,190.8739678032237,490.1554758524178,12768,19208,936.9006764812184,0.4152100536612938,0.4314075402459703,2.863655295137116,0.4469285456120996,0.0103802513415323,False,2
1654775328,26.43,50.28,1021.0,480.0,12860,19467,938.914,1.74,1.81,11.96,1.865,0.042,True,2
1654713255,29.157111740234264,40.67758168188506,75.18051623535848,400.0,12788,20666,937.5023249292236,1.921444129882868,1.991444129882868,13.20938684423864,2.059444129882868,0.0460361032470717,False,2
1654769871,18.47,56.28,341.0,400.0,13092,19927,939.338,0.33,0.35,2.31,0.36,0.008,True,2
1654751221,17.81,48.89,1115.0,403.0,12909,19456,938.701,1.86,1.93,12.78,1.993,0.045,True,2
1654739735,-7.369,54.69,182.0,400.0,13160,20078,939.654,0.86,0.89,5.92,0.924,0.021,True,2
1654778806,26.19,52.15,1099.0,400.0,12908,19450,938.731,1.59,1.65,10.94,1.706,0.039,True,2
1654734811,26.058000000000003,52.1,0.0,400.0,13118,20017,939.704,0.65,0.68,4.5,0.7020000000000001,0.016,False,2
1654743602,-0.972,56.35,948.0,710.0,12779,19504,939.063,2.38,2.48,16.41,2.5580000000000003,0.0579999999999999,True,2
1654748116,13.98,47.15,1120.0,456.0,12865,19448,938.841,1.77,1.84,12.17,1.898,0.043,True,2
1654712861,26.399707036576512,46.49765931902342,76.67804287529495,449.0,12786,20679,937.5026097856236,2.269365750317662,2.3593657503176617,15.630389609094207,2.4371072181611906,0.0548390214376474,False,2
1654738190,-7.671,54.88,27.0,400.0,13253,20183,939.664,2.47,2.57,17.01,2.653,0.06,True,2
1654734909,25.56037951584108,54.95886642935537,20.0125952293848,400.0,13119,20007,939.6390251904588,0.663291349235384,0.69,4.559874047706152,0.7113165396941536,0.016,False,2
1654784819,26.78,48.45,1354.0,400.0,12978,19388,938.718,2.22,2.3,15.26,2.379,0.054,True,2
1654755300,-12.544,49.32,1377.0,402.0,12959,19384,938.752,1.99,2.07,13.73,2.14,0.048,True,2
1655128719,20.67,24.97,941.5,648.0,12693,18972,936.881,0.77,0.81,5.33,0.8320000000000001,0.019,False,2
1654762939,17.797817216713316,52.58998784833005,0.0,400.0,13151,20055,939.6018400486066,0.5284305448922471,0.548430544892247,3.624798541799606,0.565430544892247,0.0124738424148707,False,2
1654775895,25.61,47.65,1207.0,502.0,12847,19424,938.897,2.12,2.2,14.56,2.271,0.051,True,2
1654779733,27.14,47.29,1230.0,404.0,12905,19418,938.728,1.82,1.89,12.51,1.951,0.044,True,2
1654754570,-0.947,53.91,1358.0,406.0,12952,19395,938.69,1.86,1.94,12.82,1.999,0.045,True,2
1654735460,21.38157906054048,49.67451666027669,0.0,400.0,13168,20073,939.6417225137592,1.0387399633088024,1.086554972481602,7.168069798198413,1.118210469729762,0.02521849908272,False,2
1655129893,-7.013980173225235,14.708172283761916,1526.8506658025135,400.0,13683,20288,936.6713261548432,0.7906092387460284,0.8214933419748641,5.461612361535691,0.8520512903604462,0.0192652309686507,False,2
1654761689,13.464759521101705,53.432057536289655,0.0,400.0,12698,19748,939.8210534820412,0.0765775299311435,0.0998662948967152,0.4528876496557175,0.1098796654070436,0.0263021354759002,False,2
1654775758,26.88,47.77,1128.0,461.0,12858,19446,938.909,1.82,1.89,12.55,1.956,0.044,True,2
1654772033,23.62,54.79,956.0,667.0,12796,19496,939.104,2.59,2.69,17.81,2.778,0.063,True,2
1655124892,17.031085683457256,40.1932685467658,54.65370935316098,400.08171366914513,12831,20700,937.4972257050372,2.045097179851292,2.1250971798512923,14.05731453234195,2.1918520388438574,0.0498365726617097,False,2
1654739344,-8.565,50.11,131.0,400.0,13199,20143,939.66,1.39,1.45,9.59,1.495,0.034,True,2
1655130004,9.938984987485904,16.47287617428961,677.2287617428962,400.0,13705,20509,936.677,0.6925818958592859,0.7281538002165261,4.792501366657761,0.7476113237023183,0.01678595217862,False,2
1654752885,19.652,53.75,1210.0,400.0,12927,19432,938.696,1.64,1.71,11.32,1.765,0.04,True,2
1655128885,17.335497440910533,19.309330493142006,244.7579953312943,753.9392325648868,12627,18667,936.8668970148818,0.9010298511816832,0.9394541581557284,6.209330493142008,0.968029851181683,0.0221575693025954,False,2
1655127143,19.185541586810235,48.87546979287805,180.0,433.15496755265895,12770,20541,937.4270847728686,1.286900648946821,1.3369006489468214,8.888304542627749,1.3857456813941624,0.031,False,2
1654748213,13.602,52.78,1061.0,423.0,12878,19468,938.809,2.07,2.15,14.22,2.217,0.05,True,2
1654715887,27.32,39.03,0.0,400.0,13429,21311,937.415122270554,1.93,2.0069064581863656,13.29453229093183,2.0732158123677293,0.047,False,2
1654740511,-4.819,55.19,255.0,400.0,13125,20009,939.515,0.56,0.58,3.87,0.604,0.0139999999999999,True,2
1655126249,-4.699,48.02,130.0,409.0,12790,20598,937.365,1.76,1.83,12.14,1.893,0.043,False,2
1654772864,24.18,53.59,1122.0,623.0,12803,19450,939.06,1.96,2.04,13.49,2.103,0.047,True,2
1654713968,28.8,41.55,90.0,400.0,12790,20638,937.409,1.85,1.92,12.74,1.987,0.045,False,2
1654714876,28.84,42.11,168.0,424.0,12776,20556,937.365,1.59,1.65,10.96,1.709,0.039,False,2
1654903285,31.27,43.51,464.0,1393.0,12969,19540,931.102,1.86,1.93,12.83,1.999,0.045,True,2
1654739729,-7.39,53.57,194.0,400.0,13161,20073,939.629,0.89,0.93,6.16,0.96,0.022,True,2
1654715223,28.563057750398197,43.110922142898346,178.337573070797,423.6656067323008,12770,20536,937.3209936403938,1.793184942522105,1.869841009845112,12.368982463008718,1.927841009845112,0.0436624269292029,False,2
1654738935,-9.244,48.96,54.0,400.0,13241,20200,939.725,2.52,2.62,17.37,2.709,0.061,True,2
1655127424,19.62493072322482,45.09565793209247,222.12932979844868,453.4826808062053,12757,20495,937.3671939946976,1.4248268080620532,1.4754734570542969,9.777667550387834,1.524956137860502,0.0348706702015513,False,2
1655128401,17.479,56.63,3386.0,400.0,13236,19757,936.907,0.55,0.57,3.79,0.591,0.013,False,2
1655128643,20.727,32.14,430.5,400.0,12922,19377,936.864,0.45,0.47,3.11,0.485,0.011,False,2
1654734622,26.758059402819548,55.56870778343897,19.566441511674483,400.0,13069,19945,939.7128077141572,0.3754194811040689,0.3854194811040689,2.5836007828452274,0.4032027018599061,0.0091083896220813,False,2
1654778658,25.19,50.25,1218.0,417.0,12887,19424,938.762,1.55,1.61,10.65,1.661,0.038,True,2
1655124807,20.981,46.39,70.0,401.0,12826,20695,937.533,1.73,1.8,11.89,1.854,0.042,False,2
1654783012,26.56,49.22,1362.0,401.0,12963,19400,938.706,2.34,2.43,16.09,2.509,0.057,True,2
1655125577,-9.274257114599852,46.755868587059645,73.3572135003682,400.0,12788,20664,937.4599283594988,2.045574113013992,2.124288540014728,14.070304364097206,2.194388638915244,0.0493572135003682,False,2
1654774600,24.49,53.2,1164.0,548.0,12832,19440,938.904,2.0,2.08,13.76,2.146,0.048,True,2
1654765310,21.85,50.68,111.0,400.0,13238,20108,939.653,2.18,2.26,14.99,2.338,0.053,True,2
1655129571,-21.58914888173835,11.31405896047846,2094.51966308298,3787.018268852225,11850,17328,936.7564367992884,0.83,0.86,5.546200842292549,0.9048602526877648,0.021879915770745,False,1
1654773571,24.52,52.77,1011.0,570.0,12830,19481,939.029,1.97,2.05,13.58,2.117,0.048,True,2
1654715573,27.73589181160048,47.48370726509862,236.2344685421109,419.5430856776386,12772,20480,937.4353867733164,1.7077354663246271,1.775430856776386,11.748757483368871,1.8316613177312104,0.0413086171355277,False,2
1655129239,-4.654596791598492,27.863860963243404,500.9849081613651,1107.4969696422008,11425,16738,936.8699122994748,0.7851461675418238,0.8101461675418238,5.344112893556393,0.8329551396181865,0.5703820558472746,False,2
1654712842,27.99366615981652,42.52360140129956,51.8425626117977,447.4411881335203,12795,20708,937.4997716249256,2.134567501490636,2.214567501490636,14.683546884316474,2.28895331395337,0.0516141875372659,False,2
1654903976,34.51,16.25,0.0,804.0,13142,20846,930.902,1.03,1.07,7.09,1.106,0.025,True,2
1655125844,-6.382000000000001,41.72,98.0,400.0,12787,20631,937.41,2.11,2.19,14.51,2.263,0.051,False,2
1655124734,23.74265557385756,45.3644814204748,59.08148037226911,400.0,12830,20709,937.538103715905,1.7412222055840367,1.8016296074453824,11.958555439088256,1.865303685956306,0.0420407401861345,False,2
1654712266,26.861785746921814,44.90410712653909,29.125011422635662,437.0,12853,20759,937.6111785746922,2.17,2.26,14.95,2.3315892873460906,0.053,False,2
1654754235,4.578,47.49,1329.0,413.0,12941,19385,938.693,1.91,1.98,13.13,2.048,0.046,True,2
1654785909,26.92,47.88,1329.0,400.0,12988,19391,938.789,1.97,2.04,13.54,2.111,0.048,True,2
1654767976,19.53,51.74,221.0,400.0,13140,20045,939.6,0.77,0.8,5.29,0.825,0.019,True,2
1654761771,12.420966729300888,49.91803484028273,39.63866917203556,400.0,12710,19725,939.8403645009396,0.1645483364650444,0.1990966729300889,1.0354833646504449,0.2135515065765933,0.0353645009395133,False,2
1654716208,28.38,65.8,2373.0,400.0,13374,20022,937.007,0.6,0.63,4.16,0.648,0.015,False,2
1654773212,24.45,52.92,1155.0,611.0,12802,19446,939.037,2.17,2.25,14.93,2.327,0.053,True,2
1654782682,24.83,52.08,1316.0,400.0,12960,19399,938.72,1.89,1.96,13.0,2.027,0.046,True,2
1654763252,19.2856468230033,47.3736344847708,66.02874768903571,400.0,13125,19997,939.6203778223216,0.6050718692225893,0.6301437384451786,4.160862430671071,0.6491437384451786,0.0145071869222588,False,2
1654712570,28.12519077671439,45.74573093768266,27.224727681180845,400.0,12843,20747,937.5619685330338,2.188382062512177,1.0117739996103277,15.051258678647972,2.346833747333432,0.0530966303574907,False,2
1654762679,15.014513243926324,54.292604550324725,0.1934247396997042,400.0,13101,19990,939.7269684013884,0.51,0.53,3.52,0.5490644749132332,0.012,False,2
1654748895,12.082,47.35,1170.0,436.0,12875,19445,938.814,1.95,2.03,13.44,2.095,0.047,True,2
1654766813,21.84,50.06,30.0,400.0,13250,20203,939.721,2.06,2.14,14.21,2.216,0.05,True,2
1654770043,18.34,57.06,351.0,400.0,13083,19921,939.289,0.23,0.24,1.61,0.251,0.006,True,2
1654778789,24.66,52.98,1178.0,406.0,12903,19438,938.747,1.46,1.52,10.05,1.567,0.035,True,2
1654755586,-16.302,53.98,1394.0,405.0,12958,19375,938.715,2.05,2.13,14.1,2.198,0.05,True,2
1654782197,25.19,49.52,1320.0,422.0,12947,19391,938.705,1.74,1.81,11.98,1.868,0.042,True,2
1654733811,25.208830493901083,49.855216734432425,5.940209180405313,400.0,12778,19791,939.827588041836,0.1329566531135149,0.1447174898351362,0.8924574085162261,0.1515414061629741,0.0104684601968916,False,2
1654715341,28.50281852936976,43.30739558836896,197.4148823521774,430.2074411760887,12769,20518,937.3479041764652,1.745851176478226,1.815851176478226,12.003404705912905,1.8723032647108468,0.042,False,2
1655125967,-4.710963844004111,41.515141257719975,85.22937861554273,400.0,12789,20636,937.4036881358466,1.833762716932564,1.9060565030879912,12.618632804683374,1.9679830565491343,0.0448440679233141,False,2
1654744198,4.84,54.14,1032.0,674.0,12784,19474,939.069,2.61,2.71,17.97,2.802,0.063,True,2
1654769178,20.92,49.98,299.0,400.0,13120,19963,939.403,0.41,0.43,2.85,0.445,0.01,True,2
1654771101,24.03,52.81,696.0,839.0,12705,19561,939.109,2.53,2.62,17.39,2.7110000000000003,0.061,True,2
1654735698,18.98694354876021,49.52372802028071,22.260630278059672,400.0,13203,20136,939.5960634163037,1.0453519068367394,1.0866898835459244,7.226125371147992,1.126753299849495,0.0251337976709184,False,2
1654765772,20.02,53.53,93.0,400.0,13237,20125,939.678,2.41,2.51,16.61,2.59,0.059,True,2
1654785017,25.12,50.14,1389.0,420.0,12969,19386,938.704,1.73,1.79,11.87,1.852,0.042,True,2
1654716901,46.44212745932976,16.40802450205094,61.55318648324393,400.0,13549,21093,936.8145531864832,1.0318235365683632,1.07197549794906,7.1178407366688905,0.4805842846219896,0.025045588414209,False,2
1654713183,28.95033754359464,41.24638538033779,72.34458478648813,400.0,12790,20678,937.5389831228202,2.17,2.253277076067559,14.926554152135118,2.327310830427024,0.053,False,2
1654734790,26.152268096366,54.78902949448393,33.0,400.0,13095,19975,939.7002927614536,0.55,0.57,3.777072385464012,0.5885608578196018,0.013,False,2
1654769280,20.68,51.01,295.0,400.0,13115,19968,939.4,0.26,0.27,1.78,0.2769999999999999,0.006,True,2
1654773841,26.9,47.34,1092.0,565.0,12827,19452,938.965,1.91,1.99,13.15,2.051,0.046,True,2
1654749953,13.134,52.98,1141.0,400.0,12895,19448,938.776,1.73,1.8,11.9,1.856,0.042,True,2
1654769109,20.61,51.6,287.0,400.0,13122,19979,939.425,0.47,0.49,3.24,0.506,0.011,True,2
1654784240,24.9,51.64,1398.0,431.0,12957,19376,938.738,1.83,1.9,12.57,1.96,0.044,True,2
1655124549,27.122,44.15,53.0,417.0,12836,20719,937.571,2.16,2.24,14.87,2.319,0.052,False,2
1654714576,28.821345413322355,41.89596376003293,201.0,444.4389314512387,12761,20521,937.3321946572562,1.794389314512387,1.8643893145123869,12.351822530214806,1.9259379788264352,0.0431097328628096,False,2
1654745187,15.47,50.54,1155.0,619.0,12808,19446,939.049,2.27,2.36,15.65,2.441,0.055,True,2
1654762236,13.361502228422635,53.42895698359537,27.46903700751125,400.0,12991,19904,939.7630355551128,0.15,0.1546903700751125,1.019380740150225,0.1594071110225337,0.004,False,2
1654768629,19.0,52.76,265.0,400.0,13119,19998,939.511,0.51,0.53,3.52,0.5489999999999999,0.012,True,2
1654717075,46.47210933658403,29.263736511600023,1015.5821215533784,4417.6159078346,11749,17322,936.877,0.7135124354404905,0.7376343265803679,4.89519650378282,0.7649246245544783,0.0181756217720245,False,1
1654766070,20.04,53.26,65.0,400.0,13236,20153,939.64,2.35,2.44,16.14,2.517,0.057,True,2
1654741804,-4.7330000000000005,56.0,337.0,400.0,13095,19917,939.319,0.21,0.22,1.46,0.228,0.005,True,2
1654734469,27.061654311453704,55.20490759292587,0.0,400.0,13066,19961,939.757923449163,0.3426913770925928,0.3526913770925927,2.358839639648149,0.3676913770925927,0.008,False,2
1654744543,8.684,52.09,1094.0,652.0,12798,19461,939.091,2.13,2.21,14.64,2.282,0.052,True,2
1654734484,27.043065837082647,49.93261570650542,12.53380738134494,400.0,13063,19948,939.7902651260108,0.4073309630932752,0.4173309630932753,2.7926512601062896,0.4353309630932752,0.0098665481546637,False,2
1654734245,27.03925426695408,57.57117724423569,0.0,400.0,13021,19945,939.7522371991378,0.1374573304592159,0.1374573304592159,0.9172866522960798,0.1432201313214511,0.003,False,2
1654773783,26.91,47.32,1061.0,571.0,12829,19466,939.016,2.17,2.25,14.91,2.325,0.053,True,2
1655129411,-12.780062366453585,20.08101194087258,2067.75619227718,2373.673707124315,12079,17690,936.7868849208538,0.7986179914190887,0.8236179914190888,5.387274224906232,0.8645757486731973,0.1508754485722752,False,1
1654766626,21.49,53.0,5.0,400.0,13264,20228,939.715,2.17,2.26,14.96,2.333,0.053,True,2
1654715710,28.39,39.28,0.0,400.0,13165,20983,937.461,2.02,2.1,13.93,2.173,0.049,False,2
1654783415,24.47,53.77,1373.0,415.0,12957,19377,938.709,1.53,1.59,10.54,1.643,0.037,True,2
1654717836,46.37,15.97,1222.0,400.0,13667,20364,936.686,0.63,0.65,4.32,0.6729999999999999,0.015,False,2
1654713788,28.817761920653872,41.36718363260432,86.588434239009,400.3176868478018,12785,20632,937.4485054446742,1.83823131521982,1.90823131521982,12.650326680450812,1.972595941524216,0.0443646263043963,False,2
1654762294,13.49319894541772,54.15813149494688,20.323926179240225,400.0,13007,19911,939.7580161265498,0.1766397890835435,0.1799596836253152,1.2064382072101196,0.1882957047169609,0.0043319894541771,False,2
1654764292,20.49607219533633,49.25143562510589,139.87868797123855,400.0,13167,20034,939.6319396736806,0.8139409924601831,0.8496983684026602,5.616373826933668,0.8759409924601832,0.0198485248115045,False,2
1654752986,19.152,50.54,1253.0,421.0,12916,19416,938.711,1.48,1.54,10.19,1.589,0.036,True,2
1654753702,12.461,47.28,1300.0,400.0,12936,19399,938.762,2.12,2.2,14.56,2.271,0.051,True,2
1654775876,26.83,47.99,1155.0,477.0,12857,19444,938.915,1.89,1.96,13.0,2.027,0.046,True,2
1654903764,37.1,15.66,0.0,834.0,13166,20842,930.887,0.99,1.03,6.81,1.061,0.024,True,2
1655129890,-7.398,14.59,1226.0,400.0,13723,20362,936.663,0.82,0.85,5.63,0.878,0.02,False,2
1654781752,26.58,49.02,1228.0,400.0,12955,19418,938.746,1.9,1.97,13.08,2.04,0.046,True,2
1654733439,21.50262099254232,56.22901996557996,8.915002868336915,401.6339988526652,12537,19630,939.7955490017208,0.0418300057366738,0.1318300057366738,0.0718300057366738,0.1501960068840085,0.0860980034420043,False,2
1654767668,21.7,48.99,180.0,400.0,13167,20083,939.636,0.82,0.85,5.62,0.8759999999999999,0.02,True,2
1654739991,-6.468999999999999,55.62,196.0,400.0,13162,20074,939.602,0.76,0.79,5.21,0.812,0.018,True,2
1654741300,-4.165,55.83,316.0,400.0,13111,19952,939.405,0.32,0.33,2.21,0.345,0.008,True,2
1654745017,13.814,52.9,1028.0,609.0,12812,19469,939.056,1.8,1.87,12.41,1.935,0.044,True,2
1654743931,2.037,48.97,929.0,671.0,12791,19496,939.078,2.06,2.14,14.2,2.215,0.05,True,2
1654733600,23.370245829501904,55.49767076053613,20.89833180076072,400.0,12636,19694,939.7978262511494,0.1444916590038036,0.2517374885057054,0.7841957835247233,0.2757374885057054,0.097347497701141,False,2
1654736044,15.083166157825168,52.21552841734232,68.42333548863289,400.0,13206,20110,939.6534441052167,1.0397923027185396,1.0797923027185397,7.15535125055075,1.1157923027185397,0.025,False,2
1654768840,20.74,50.9,265.0,400.0,13124,20005,939.488,0.62,0.64,4.27,0.6659999999999999,0.015,True,2
1654740179,-5.817,51.5,213.0,400.0,13153,20051,939.599,0.49,0.5,3.34,0.522,0.012,True,2
1654763782,20.37,47.36,0.0,400.0,13206,20130,939.619,1.1,1.14,7.54,1.176,0.027,False,2
1654713319,27.65245769269121,41.45471602548013,113.51743589567258,409.7761538435089,12769,20613,937.5011082692262,1.7151743589567257,1.7751743589567257,11.7799269229579,1.836433076904562,0.0416293589739181,False,2
1654779734,25.95,47.29,1272.0,426.0,12898,19412,938.731,1.74,1.81,11.99,1.87,0.042,True,2
1654715323,25.809474290486108,48.99902039112104,202.94742904861093,435.3608156448415,12766,20516,937.382744326258,1.4687216312896831,1.5230824469345243,10.108494681607148,1.5762102838055565,0.0354360815644841,False,2
1655126669,-0.94,48.83,176.0,452.0,12762,20539,937.35,2.03,2.11,14.0,2.1830000000000003,0.049,False,2
1654738489,-8.847999999999999,54.81,47.0,400.0,13234,20177,939.692,2.17,2.26,14.96,2.333,0.053,True,2
1654740256,-5.563,49.64,230.0,400.0,13144,20039,939.617,0.54,0.56,3.73,0.581,0.013,True,2
1654779196,25.37,48.85,1216.0,420.0,12893,19426,938.707,1.75,1.82,12.04,1.878,0.042,True,2
1654736572,8.593,66.21,86.0,400.0,13244,20133,939.7,2.63,2.73,18.09,2.82,0.064,True,2
1655129569,-21.556,11.3,2095.0,4899.0,11673,17164,936.75,0.83,0.86,5.545,0.9045,0.022,False,1
1654766511,21.75,51.25,41.0,400.0,13242,20179,939.69,2.43,2.53,16.74,2.61,0.059,True,2
1654743308,-3.028,57.73,753.0,713.0,12769,19538,939.142,2.53,2.63,17.44,2.72,0.061,True,2
1654774159,25.07,50.37,1111.0,572.0,12822,19454,938.92,2.13,2.22,14.67,2.2880000000000003,0.052,True,2
1655125807,-6.9405884532317055,45.48109898259795,82.3777319191269,404.330515429236,12776,20634,937.4381416494696,2.1833051542923605,2.26330515429236,14.993136080046524,2.338541236741815,0.0530472164898908,False,2
1654717652,53.70766780067499,12.731390599632192,2768.3121199668567,400.0,13532,19961,936.6710854400064,0.7504489999393723,0.7791455999353305,5.164446399579648,0.804884919934522,0.0184786399983832,False,2
1654716410,40.95,37.93,80.0,400.0,12919,19393,936.862,0.46,0.48,3.18,0.496,0.011,False,2
1655127571,16.734,49.3,185.0,409.0,12783,20540,937.388,1.81,1.88,12.44,1.94,0.044,False,2
1654783742,26.85,48.06,1352.0,407.0,12966,19385,938.735,1.88,1.95,12.94,2.018,0.046,True,2
1655127148,19.29,49.07,176.0,438.0,12769,20543,937.42,1.4,1.45,9.62,1.5,0.034,False,2
1654741406,-4.254,55.37,319.0,400.0,13102,19949,939.394,0.34,0.36,2.36,0.368,0.008,True,2
1654778942,26.94,47.8,1170.0,400.0,12903,19442,938.733,1.85,1.93,12.76,1.991,0.045,True,2
1654747944,14.725,48.53,1164.0,477.0,12847,19436,938.882,1.97,2.05,13.55,2.113,0.048,True,2
1654733822,25.286,52.98,29.0,400.0,12764,19758,939.83,0.28,0.29,1.91,0.298,0.0069999999999999,False,2
1654733986,26.249,50.02,34.0,400.0,12865,19817,939.798,0.31,0.32,2.12,0.33,0.0069999999999999,False,2
1654780752,27.08,47.45,1166.0,400.0,12932,19437,938.673,1.91,1.98,13.12,2.046,0.046,True,2
1654742457,-5.239,54.15,393.0,400.0,13038,19879,939.271,0.29,0.3,2.02,0.314,0.0069999999999999,True,2
1654779052,26.63,49.07,1120.0,400.0,12906,19443,938.704,1.78,1.85,12.23,1.907,0.043,True,2
1655128954,14.295391798231533,13.580256819715071,1521.57376158506,400.0,13256,20241,936.823209834878,1.0618415290650067,1.1036830581300134,7.30209834878008,1.1384989052235126,0.026,False,2
1654772635,25.77,52.4,919.0,609.0,12820,19497,939.087,2.21,2.29,15.18,2.367,0.053,True,2
1654742477,-5.235,58.11,377.0,400.0,13048,19891,939.262,0.39,0.4,2.68,0.418,0.009,True,2
1654717744,50.658049705082064,13.859632010725598,2151.7948471854306,400.0,13577,20131,936.6963210670242,0.8613155495968902,0.8935786595162682,5.9214719570976095,0.9234471045565792,0.0212263109919378,False,2
1655127637,15.30993712684762,44.70293236908277,200.19347015011337,414.80652984988666,12771,20523,937.4136130596996,1.364836753752834,1.414836753752834,9.387406250143988,1.4645785914404756,0.0330967350750566,False,2
1654778439,24.48,53.63,1159.0,400.0,12899,19438,938.802,2.14,2.23,14.75,2.3,0.052,True,2
1654714106,26.39038608442088,45.78661342900839,133.41754044511768,420.83508089023536,12779,20582,937.3706894660016,1.8585438511127943,1.93,12.784175404451176,1.9941263106676763,0.045,False,2
1654717096,47.91,27.64,720.0,522.0,11620,17024,936.85,0.73,0.76,5.02,0.7875,0.019,False,2
1654743896,1.689,54.69,1011.0,698.0,12781,19490,939.105,2.25,2.34,15.47,2.412,0.054,True,2
1654772151,23.76,54.33,1002.0,669.0,12789,19472,939.063,2.28,2.37,15.69,2.446,0.055,True,2
1654745731,19.506,51.59,1107.0,572.0,12825,19454,938.985,2.04,2.12,14.03,2.188,0.049,True,2
1654761806,13.717598973489457,53.09206335761237,5.821378638200459,400.0,12770,19785,939.8326427572764,0.2284187240128538,0.2617862136179954,1.478931068089977,0.2228756392911033,0.0345153703223136,False,2
1655127015,14.79299253552656,48.18312403900829,183.9367727724901,441.0079034034387,12762,20541,937.3609130625622,1.7200790340343874,1.7801580680687747,11.800869374378262,1.8411343578584585,0.042,False,2
1654738736,-9.243,51.82,1.0,400.0,13273,20231,939.73,2.28,2.37,15.67,2.443,0.055,True,2
1654712505,26.63,45.97,47.0,400.0,12833,20728,937.557,2.08,2.16,14.33,2.235,0.05,False,2
1654742874,-4.748,62.21,694.0,790.0,12732,19562,939.146,2.36,2.45,16.23,2.531,0.057,True,2
1654715411,28.789413209895525,42.45489810694527,181.35778292101972,413.64221707898025,12777,20540,937.3730586790105,1.6844580143669088,1.7511735802089483,11.5879216664104,1.806232259219396,0.0410293395052237,False,2
1654747443,17.173,48.09,1120.0,494.0,12854,19460,938.893,1.62,1.68,11.16,1.74,0.039,True,2
1655129597,-21.904016482971677,11.98041584748263,2097.6528050839124,1184.916830503474,12403,18017,936.7161808559232,0.83,0.86,5.548264025419561,0.9068264025419562,0.022,False,2
1654748537,12.629,47.17,1103.0,429.0,12873,19459,938.811,2.15,2.23,14.8,2.307,0.052,True,2
1654767554,20.3,49.29,179.0,400.0,13163,20085,939.679,0.8,0.83,5.5,0.858,0.019,True,2
1655128299,15.627423234316474,66.64022025902123,1811.5620817487768,400.0,13417,20165,937.0517810408744,0.7438684945350713,0.7738684945350713,5.109853160652513,0.7972553439885784,0.0182773698907014,False,2
1655129828,-13.662832536942032,13.295210877569136,1835.0531488483352,400.0,13654,20207,936.674590410303,0.9320739503012144,0.9692547709071682,6.408613549078732,0.9988186067859774,0.0228723282423815,False,2
1654762427,15.377953035836043,56.47696971962524,0.0,400.0,13062,19961,939.7889590607168,0.2067348988054651,0.2167348988054651,1.4269395952218606,0.2223674494027324,0.005,False,2
1654783227,24.62,53.12,0.0,410.0,12954,19388,938.723,1.99,2.07,13.7,2.136,0.048,True,2
1654770615,21.33,60.38,575.0,567.0,12853,19683,939.23,2.59,2.69,17.82,2.778,0.063,True,2
1654771311,22.3,56.98,793.0,733.0,12763,19534,939.122,2.56,2.66,17.61,2.7460000000000004,0.062,True,2
1655129012,11.114,16.26,115.0,400.0,13545,21035,936.819,1.5,1.55,10.3,1.605,0.036,False,2
1654741948,-4.912,50.64,336.0,400.0,13095,19930,939.325,0.36,0.38,2.5,0.389,0.009,True,2
1654748297,13.305,47.28,1055.0,427.0,12868,19460,938.845,2.08,2.16,14.29,2.228,0.05,True,2
1654772049,25.79,50.05,946.0,661.0,12797,19499,939.096,2.44,2.53,16.78,2.616,0.059,True,2
1655124421,25.317011117089923,39.45204094202744,35.83148048501268,445.3303687760203,12846,20753,937.591168519515,2.004988882910076,2.084988882910076,13.793259219400507,2.1503214751040813,0.0481662960970025,False,2
1654736631,7.856,64.52,213.0,400.0,13182,20003,939.685,2.31,2.4,15.87,2.475,0.0559999999999999,True,2
1654734716,26.45108834272809,49.567820218006986,42.17668545618446,400.0,13075,19969,939.713,0.5236278090936408,0.55,3.6317668545618447,0.5666278090936407,0.013,False,2
1654740277,-5.496,55.59,227.0,400.0,13138,20036,939.61,0.7,0.73,4.8,0.7490000000000001,0.017,True,2
1654764016,20.74,46.6,91.0,400.0,13190,20085,939.658,0.96,0.99,6.58,1.026,0.023,False,2
1654781692,26.56,49.1,1193.0,400.0,12957,19432,938.755,1.93,2.01,13.29,2.072,0.047,True,2
1655128251,14.815,62.35,607.0,400.0,13153,20529,937.087,1.05,1.09,7.24,1.13,0.026,False,2
1654736958,3.832,51.27,330.0,400.0,13108,19888,939.664,1.41,1.46,9.68,1.51,0.034,True,2
1655126541,-4.216635908458572,47.88149706948848,150.74491208465437,421.574853474424,12778,20558,937.3244898241692,1.922550879153456,1.993401172204608,13.209556740176495,2.059976025679032,0.0460850293051152,False,2
1654716505,42.96438018546656,30.601834553360817,1301.10002441454,400.0,12970,19475,936.8663735480692,0.3537520741866248,0.3637520741866248,2.4093884822130613,0.3757520741866248,0.0086876037093312,False,2
1654767216,19.51,55.78,36.0,400.0,13246,20233,939.637,2.31,2.39,15.87,2.474,0.0559999999999999,True,2
1654742281,-5.207000000000001,51.36,363.0,400.0,13067,19904,939.272,0.39,0.4,2.66,0.415,0.009,True,2
1654777291,24.64,53.03,1143.0,410.0,12878,19445,938.778,1.82,1.89,12.5,1.949,0.044,True,2
1654756366,-21.938,54.0,1389.0,423.0,12967,19385,938.718,1.85,0.0,12.73,1.985,0.045,True,2
1654763035,16.182056645296424,54.54999618458016,0.6728758013840628,400.0,13146,20044,939.6284672112718,0.9998137259584782,1.039813725958478,6.884303380054214,1.0739165582232992,0.0244392701655132,False,2
1655128649,20.69168486613689,26.549749251813584,632.1022809998218,402.89897274111024,12870,19351,936.8953762840736,0.5634344414793699,0.5823990940718307,3.88404109035559,0.6058814203680609,0.0135858610369841,False,2
1654744936,12.98,47.31,1048.0,606.0,12812,19466,939.053,1.97,2.05,13.56,2.114,0.048,True,2
1655127260,20.80970192297381,48.6090472002664,170.79895110519112,425.400349631603,12770,20549,937.3758006992632,1.519982518419852,1.5829807702618373,10.479877628938963,1.634680945077639,0.0368994755525955,False,2
1654775077,24.55,53.04,1164.0,517.0,12844,19439,938.885,1.79,1.86,12.32,1.921,0.043,True,2
1654740112,-6.045,55.01,204.0,400.0,13159,20069,939.616,0.59,0.61,4.04,0.63,0.0139999999999999,True,2
1654775189,24.69,52.57,1149.0,511.0,12848,19435,938.903,2.18,2.27,15.0,2.34,0.053,True,2
1655124844,19.358,42.77,133.0,433.0,12810,20636,937.476,2.04,2.11,14.01,2.184,0.049,False,2
1654762159,15.06,51.69,7.0,400.0,12974,19903,939.798,0.14,0.15,0.99,0.154,0.003,False,2
1654763176,18.58999818618545,50.341437381384935,48.28566246244155,400.0,13127,20003,939.6075715063064,0.71,0.74,4.882856624624416,0.7605713249248831,0.017,False,2
1655125220,-0.1354093944050699,46.650922921061294,85.73363130355965,400.0,12784,20666,937.5554717321604,2.074672626071193,2.1546726260711933,14.295372069462754,2.229672626071193,0.05,False,2
1654714383,28.55138134938871,42.14751995750047,115.63893323888992,400.36106676111007,12790,20601,937.3301946661944,1.6536106676111006,1.7172213352222014,11.378885340888806,1.7746938678944308,0.04,False,2
1654904139,33.6,16.86,0.0,586.0,13230,20992,930.915,1.12,1.17,7.74,1.207,0.027,True,2
1654741299,-4.164,55.73,306.0,400.0,13105,19959,939.401,0.33,0.34,2.28,0.355,0.008,True,2
1654779051,26.56,49.35,1088.0,400.0,12914,19455,938.702,1.79,1.86,12.34,1.924,0.043,True,2
1654735318,22.662068178923,52.52961543361074,72.77447530176936,400.0,13106,19973,939.6056914352368,0.7043618825442337,0.7332342590530805,4.867150307336177,0.7583470214021959,0.0168872376508846,False,2
1654712299,30.01,38.57,9.0,415.0,12861,20780,937.587,2.04,2.12,14.03,2.188,0.049,False,2
1654778575,26.78,48.41,1134.0,400.0,12901,19449,938.791,1.51,1.57,10.37,1.618,0.037,True,2
1654716216,28.60076668633001,60.09904689869413,2336.8773301871984,400.0,13399,20032,936.9479079976404,0.7711500294950165,0.8012266981280176,5.288050206465116,0.824257365581218,0.0190230005899003,False,2
1654764472,20.73813197853687,48.55110356204662,159.51730962439524,400.0,13162,20013,939.6254186802148,0.9441868021463128,0.9841868021463128,6.502214213951033,1.0135414721999707,0.023,False,2
1654771553,22.86,56.56,950.0,715.0,12770,19503,939.087,2.31,2.4,15.9,2.48,0.0559999999999999,True,2
1654734371,27.123,52.21,10.0,400.0,13041,19949,939.75,0.32,0.33,2.17,0.3379999999999999,0.008,False,2
1654744849,12.059,53.45,1096.0,630.0,12804,19448,939.057,2.0,2.08,13.76,2.146,0.048,True,2
1654770780,19.95,64.68,651.0,558.0,12858,19606,939.187,2.99,3.11,15.655,3.212,0.073,True,2
1655125337,-5.093094580858334,46.64677175650925,67.0,400.0,12784,20675,937.5282912973964,2.009921182618056,2.089921182618056,13.849527095708334,2.159259770443519,0.049,False,2
1654758194,13.126,48.19,1314.0,413.0,12989,19398,938.85,2.38,2.47,16.37,2.552,0.0579999999999999,True,2
1654733894,25.755,56.55,16.0,400.0,12825,19807,939.835,0.12,0.13,0.79,0.134,0.009,False,2
1654738553,-8.997,55.15,0.0,400.0,13271,20238,939.707,2.39,2.49,16.47,2.568,0.0579999999999999,True,2
1654769517,20.99,49.98,311.0,400.0,13115,19953,939.402,0.21,0.22,1.44,0.2239999999999999,0.005,True,2
1654766263,19.77,54.99,43.0,400.0,13238,20175,939.676,2.25,2.34,15.5,2.417,0.055,True,2
1655129802,-15.791,11.93,2589.0,400.0,13557,20019,936.734,0.52,0.55,3.61,0.563,0.013,False,2
1654784311,24.51,53.59,1346.0,410.0,12968,19392,938.716,1.76,1.83,12.12,1.891,0.043,True,2
1655128707,20.69825384206596,27.17592853346961,532.0,529.0,12744,19087,936.8748600318942,0.7639968105838806,0.7939968105838806,5.265178311970388,0.8218366192189135,0.0184199043175164,False,2
1654774147,27.02,47.12,1023.0,554.0,12829,19466,938.944,2.11,2.2,14.55,2.27,0.051,True,2
1654752908,19.547,48.1,1197.0,400.0,12927,19435,938.691,1.33,1.38,9.14,1.425,0.032,True,2
1654712516,29.11514280187289,41.270114628388086,83.83427244949347,413.6114241498312,12829,20687,937.5628057120748,1.9,1.970971439625422,13.046800077377954,2.0349714396254224,0.046,False,2
1654742929,-4.6080000000000005,60.62,693.0,691.0,12784,19563,939.167,2.58,2.68,17.76,2.77,0.063,True,2
1654781489,24.65,53.02,1182.0,400.0,12952,19430,938.734,1.77,1.84,12.19,1.901,0.043,True,2
1654737340,-0.556,52.79,128.0,400.0,13217,20081,939.616,2.0,2.08,13.76,2.146,0.048,True,2
1654775838,25.22,49.88,1195.0,488.0,12850,19425,938.916,2.1,2.18,14.45,2.253,0.051,True,2
1654776247,27.08,47.24,1118.0,448.0,12869,19447,938.813,1.75,1.82,12.04,1.878,0.042,True,2
1655125781,-7.347,42.14,69.0,400.0,12789,20654,937.419,1.99,2.07,13.71,2.139,0.048,False,2
1655125529,-9.152,47.47,70.0,400.0,12792,20656,937.481,1.77,1.84,12.21,1.904,0.043,False,2
1654757885,0.7390000000000001,48.66,1339.0,421.0,12983,19394,938.774,1.79,1.86,12.34,1.925,0.043,True,2
1654765038,21.16,49.48,301.0,400.0,13117,19914,939.669,1.56,1.62,10.76,1.679,0.038,True,2
1654761472,13.48930770281126,50.79592283534103,9.930770281125964,417.0,12564,19663,939.7888307566265,0.0,0.01,0.01,0.010069229718874,0.006,False,2
1654750841,16.19,53.36,1130.0,401.0,12895,19445,938.736,1.68,1.75,11.56,1.803,0.0409999999999999,True,2
1655128650,20.754090574866726,31.59275401066189,436.8188502665472,400.0,12847,19271,936.8981534090884,0.496062834221824,0.516062834221824,3.442439839552768,0.5373659759329152,0.012,False,2
1654903249,29.03,37.82,78.0,400.0,12321,18398,931.117,1.91,1.98,13.125,2.046,0.046,True,2
1654746674,20.31,47.08,1128.0,523.0,12845,19448,938.891,1.89,1.97,13.02,2.031,0.046,True,2
1654749173,12.004,52.89,1097.0,400.0,12886,19448,938.814,1.81,1.88,12.45,1.941,0.044,True,2
1654782473,26.61,48.96,1310.0,400.0,12953,19389,938.687,2.02,2.1,13.93,2.172,0.049,True,2
1654714285,26.5,45.25,137.0,414.0,12779,20580,937.348,1.87,1.94,12.87,2.006,0.045,False,2
1654770116,20.6,52.38,339.0,400.0,13083,19922,939.297,0.28,0.29,1.95,0.304,0.0069999999999999,True,2
1654716284,31.762109790215742,56.035960933500206,3313.7162462538527,400.0,13249,19785,936.9243963897212,0.7002613747367765,0.7302613747367765,4.8112260128788025,0.7510460680990008,0.0172414441114535,False,2
1654714335,28.82,41.46,117.0,400.0,12789,20603,937.337,1.7,1.76,11.68,1.821,0.0409999999999999,False,2
1654783443,26.87,47.94,1331.0,400.0,12969,19393,938.743,1.77,1.84,12.16,1.896,0.043,True,2
1654784429,24.57,53.41,1375.0,415.0,12969,19380,938.711,2.07,2.15,14.22,2.218,0.05,True,2
1655126423,-5.214,47.9,125.0,403.0,12781,20591,937.349,1.72,1.79,11.83,1.845,0.042,False,2
1654734587,26.848896844458064,49.83863591181923,11.585679975488151,400.0,13078,19952,939.7167587377832,0.4875873778322485,0.5075873778322486,3.336905333741864,0.5201048533986983,0.012,False,2
1654712381,26.87,45.24,22.0,417.0,12844,20764,937.58,2.1,2.18,14.47,2.256,0.051,False,2
1654713302,28.79,41.54,96.0,400.0,12789,20640,937.49,1.92,2.0,13.25,2.065,0.047,False,2
1654773963,26.94,47.26,1051.0,549.0,12831,19465,938.994,1.88,1.95,12.95,2.019,0.046,True,2
1654775408,27.11,47.15,1099.0,491.0,12857,19452,938.918,1.75,1.82,12.05,1.878,0.042,True,2
1654768878,18.38,56.27,276.0,400.0,13124,19992,939.473,0.5,0.52,3.48,0.542,0.012,True,2
1654774831,24.65,52.71,1186.0,530.0,12836,19433,938.875,2.23,2.32,15.36,2.396,0.054,True,2
1654712220,29.66448001956537,39.337156299604246,23.194183063250858,429.0,12863,20766,937.5985519980436,1.963134547233216,2.0431345472332154,13.51821092509894,2.107701820849824,0.048,False,2
1654741910,-4.867,55.79,352.0,400.0,13086,19908,939.331,0.39,0.41,2.68,0.418,0.009,True,2
1654744174,4.579,48.18,981.0,655.0,12794,19478,939.075,2.4,2.5,16.54,2.58,0.0579999999999999,True,2
1654733724,24.528180836943925,56.74180836943923,12.625533044486174,400.0,12706,19741,939.8451234008666,0.1037446695551382,0.1337446695551382,0.6587233477756913,0.144119136510652,0.0277489339110275,False,2
1654779367,27.06,47.47,1120.0,400.0,12910,19448,938.714,2.03,2.11,13.95,2.176,0.049,True,2
1654712990,27.61,47.01,47.0,400.0,12805,20715,937.543,1.98,2.06,13.62,2.124,0.048,False,2
1654783611,26.48,49.66,1366.0,400.0,12974,19399,938.717,1.99,2.07,13.72,2.139,0.048,True,2
1654764502,19.33,47.77,200.0,400.0,13135,19967,939.646,0.76,0.79,5.22,0.813,0.018,False,2
1654715438,25.938335474152584,48.73332905169483,186.03303361863848,424.4834831906808,12769,20524,937.3854834831908,1.8091677370762915,1.8791677370762911,12.459841254364552,1.9434345750084976,0.0437833547415258,False,2
1654737410,-1.3019999999999998,53.55,127.0,400.0,13220,20086,939.614,2.19,2.28,15.1,2.354,0.053,True,2
1654736327,11.648,51.35,178.0,400.0,13147,20003,939.653,0.72,0.75,4.97,0.775,0.018,False,2
1654717913,46.46,15.73,537.0,400.0,13779,20659,936.645,0.54,0.56,3.73,0.581,0.013,False,2
1655128676,20.79006568653889,25.76537139592811,827.0,514.5785755089862,12757,19121,936.921457131976,0.8088428489820276,0.8388428489820275,5.551899942874193,0.8657271338802304,0.0199614282994009,False,2
1654776738,25.22,50.04,1172.0,440.0,12874,19443,938.81,1.96,2.04,13.5,2.106,0.048,True,2
1654749755,12.681,52.69,1147.0,411.0,12877,19439,938.76,1.77,1.84,12.18,1.899,0.043,True,2
1655129931,-1.8650193684795917,14.591095152190894,1043.8950286838538,400.0,13708,20399,936.687552485658,0.7014559667172171,0.7276015633889388,4.834774153707406,0.7536743617247996,0.0168436790015165,False,2
1654904147,33.66,16.75,0.0,683.0,13177,20971,930.913,1.14,1.18,7.85,1.224,0.0279999999999999,True,2
1654738272,-8.075,48.74,27.0,400.0,13253,20195,939.711,2.22,2.31,15.3,2.386,0.054,True,2
1654903225,26.98,35.22,971.0,3385.0,12596,19224,931.119,1.93,2.01,13.265,2.071,0.047,True,1
1654748567,12.562,53.31,0.0,433.0,12873,19456,938.814,1.94,2.01,13.34,2.08,0.047,True,2
1654716367,39.65,37.06,67.0,400.0,12985,19476,936.892,0.4,0.42,2.76,0.43,0.01,False,2
1654762287,14.06539064528946,50.361590850067024,36.05930351614864,400.0,12994,19897,939.743493253671,0.2638813929677027,0.2777627859354054,1.8410511437416217,0.2876576715612432,0.0063881392967702,False,2
1654756959,-19.569000000000003,53.65,1390.0,410.0,12973,19376,938.708,1.69,1.76,11.65,1.817,0.0409999999999999,True,2
1654734696,26.522899209505493,51.07765900274731,0.0,400.0,13110,20010,939.6925722242308,0.4024523895604414,0.4132698527472551,2.740436579670345,0.4271881064285738,0.01,False,2
1654713927,26.42562131994345,45.76414192826016,96.44378680056556,410.3313604016967,12780,20621,937.3965029593976,1.7439053299858611,1.8139053299858607,11.99899411190951,1.870627223386144,0.0422781065997172,False,2
1655128214,14.262630954511277,46.94873158218815,445.5238180451008,888.1941831863968,12538,20708,937.0010619859088,1.7491830877625087,1.8191830877625088,12.071013965387596,1.8816112491962649,0.0429183087762508,False,2
1654750972,16.744,53.9,1061.0,400.0,12916,19467,938.729,1.64,1.7,11.26,1.755,0.04,True,2
1654736266,12.397153355531218,51.73183582913471,152.47947864183894,400.0,13148,20017,939.6380712700984,0.8852052135816105,0.9181641708652885,6.081231281489663,0.948092900766714,0.0217041042716322,False,2
1654716646,49.451066395038254,22.741900152790983,237.30333635962816,616.7333348095747,12705,18960,936.8697366645262,0.8304000088574482,0.8604000088574483,5.700966724978201,0.8880733423384057,0.0205100002214362,False,2
1654757894,1.056,48.03,0.0,400.0,12992,19398,938.797,1.98,2.06,13.62,2.125,0.048,True,2
1655125493,-8.846,40.88,74.0,400.0,12792,20660,937.489,1.98,2.05,13.6,2.121,0.048,False,2
1654714118,25.910784317459957,47.5664705714302,127.03921587299772,413.9607841270023,12781,20592,937.379568625397,1.8148039206350115,1.8848039206350116,12.478039206350113,1.9456862730160185,0.044,False,2
1654740809,-4.24,56.3,259.0,400.0,13122,19992,939.483,0.53,0.55,3.64,0.5670000000000001,0.013,True,2
1655127124,18.68322065480004,45.422420292215335,180.0,442.5480388928461,12764,20535,937.4026192155573,1.5351601296428206,1.5951601296428206,10.589928751928358,1.6507473192713948,0.0371032025928564,False,2
1654748652,12.395,47.38,1105.0,436.0,12865,19449,938.824,1.94,2.01,13.35,2.081,0.047,True,2
1654772047,25.7,50.59,963.0,400.0,12789,19485,939.091,2.46,2.56,16.96,2.645,0.06,True,2
1654768229,18.76,55.51,232.0,400.0,13136,20024,939.608,0.44,0.46,3.04,0.474,0.011,True,2
1655127618,15.702632078091307,48.64430531256125,211.5313046737172,435.39236718596857,12764,20509,937.41,1.4317710155790573,1.4856946874387431,9.850244452772772,1.5361252186948686,0.0343923671859685,False,2
1654755597,-16.432000000000002,50.45,1316.0,400.0,12967,19394,938.707,1.99,2.07,13.7,2.137,0.048,True,2
1654764146,18.81,49.15,138.0,400.0,13168,20040,939.656,0.93,0.96,6.38,0.995,0.022,False,2
1654768722,20.74,51.07,259.0,400.0,13126,20003,939.492,0.55,0.57,3.78,0.59,0.013,True,2
1654744999,13.630999999999998,47.23,988.0,605.0,12815,19483,939.062,2.1,2.18,14.42,2.249,0.051,True,2
1654715906,25.0,42.49,0.0,400.0,13444,21283,937.392,2.13,2.22,14.69,2.291,0.052,False,2
1654715912,24.71,43.88,0.0,400.0,13434,21275,937.398,2.21,2.29,15.18,2.367,0.053,False,2
1654752761,20.132,53.48,1172.0,400.0,12930,19436,938.656,1.59,1.66,10.97,1.71,0.039,True,2
1654744090,3.678,53.29,881.0,637.0,12807,19510,939.075,2.17,2.25,14.92,2.327,0.053,True,2
1654784328,26.29,51.08,1245.0,400.0,12982,19416,938.715,1.88,1.96,12.95,2.02,0.046,True,2
1654749729,12.629,47.76,1107.0,400.0,12893,19454,938.761,2.08,2.16,14.29,2.229,0.05,True,2
1654715169,28.73,42.52,173.0,424.0,12772,20547,937.356,1.77,1.83,12.15,1.895,0.043,False,2
1654785587,26.13,51.11,1157.0,400.0,13026,19444,938.791,2.32,2.41,15.94,2.485,0.0559999999999999,True,2
1654747988,14.527,47.6,1151.0,459.0,12863,19448,938.873,1.98,2.06,13.65,2.128,0.048,True,2
1654740142,-5.942,50.54,232.0,400.0,13131,20028,939.613,0.59,0.61,4.04,0.63,0.0139999999999999,True,2
1654743161,-3.777,52.83,808.0,990.0,12634,19529,939.143,2.18,2.27,15.04,2.345,0.053,True,2
1654746986,19.267,49.91,1103.0,517.0,12843,19455,938.865,1.89,1.97,13.02,2.03,0.046,True,2
1654749762,12.695,53.27,1176.0,415.0,12881,19440,938.741,1.49,1.54,10.23,1.595,0.036,True,2
1655125468,-8.512062371367055,47.47257895672081,122.81447391802013,400.0,12777,20611,937.4724226312984,1.920515791344161,1.9928868435081208,13.210723695901006,2.060515791344161,0.046762894783604,False,2
1654761842,11.730892189320642,55.41923175566132,9.772304733016028,400.0,12776,19774,939.8231846351132,0.2563692702264529,0.2745539053396794,1.7559386686888778,0.287600064117986,0.0145938668688877,False,2
1654778353,27.12,47.26,1105.0,400.0,12892,19453,938.788,2.3,2.39,15.84,2.47,0.0559999999999999,True,2
1655127352,20.52785108558227,42.46709237985225,185.713949199015,431.4326096118201,12767,20528,937.3384255427912,1.7756974599507496,1.8456974599507496,12.238463743684797,1.9079835107517344,0.0427139491990149,False,2
1654745531,18.292,47.32,1067.0,573.0,12827,19469,939.005,2.64,2.74,18.17,2.833,0.064,True,2
1655128472,18.76100047596396,44.14232270346613,1034.6463588765307,400.0,13062,19569,936.9069409804854,0.41,0.43,2.8341170871012245,0.4421175630651836,0.01,False,2
1654756642,-21.696,47.67,1396.0,413.0,12963,19376,938.702,1.82,1.89,12.5,1.95,0.044,True,2
1655125813,-6.847092247884287,46.67714486622945,81.42020352169608,400.0,12783,20645,937.4132269380289,1.9793265492767973,2.051259204204477,13.607218499865262,2.121452469697245,0.0475797964783039,False,2
1654762230,14.34083313680519,49.97937817607482,26.0,400.0,12978,19893,939.7602611124212,0.1494777751574025,0.15,1.0084333254722075,0.1577388875787012,0.0039477775157402,False,2
1654733510,22.372479157345868,53.56101248531438,0.8720240758322833,408.72024075832286,12587,19681,939.8038958314692,0.0,0.0,0.0,0.0,0.0,False,2
1654783982,26.84,48.08,1341.0,400.0,12969,19394,938.736,1.95,2.03,13.45,2.0980000000000003,0.047,True,2
1655126165,-4.26,44.56,168.0,429.0,12774,20554,937.379,1.92,1.99,13.2,2.059,0.046,False,2
1654734313,27.108112089191927,51.892658457571706,5.0,400.0,13030,19945,939.7497846243436,0.1488791080807493,0.1488791080807493,1.0021537565652454,0.1567670188888242,0.0038879108080749,False,2
1654716566,45.9,26.03,769.0,529.0,12742,19163,936.897,0.9,0.94,6.23,0.971,0.022,False,2
1654775875,26.81,48.08,1122.0,465.0,12860,19442,938.91,1.9,1.98,13.09,2.041,0.046,True,2
1654773731,27.04,46.89,1113.0,577.0,12827,19456,938.97,2.05,2.13,14.12,2.202,0.05,True,2
1654713572,26.26046632245681,46.493897520153546,89.34110537428025,400.0,12784,20630,937.4287055268716,1.7544703512476008,1.8189407024952016,12.07364421497121,1.8825995971209213,0.04244703512476,False,2
1654734674,26.601,55.45,7.0,400.0,13096,19990,939.711,0.63,0.65,4.33,0.675,0.015,False,2
1654763742,18.03,51.59,34.0,400.0,13199,20127,939.603,0.98,1.02,6.76,1.054,0.024,False,2
1655128978,13.029487607654792,14.192975705379494,616.878036827563,400.0,13357,20529,936.8233170552412,0.8970242946205047,0.9370242946205048,6.1882920255159695,0.965463313034286,0.0221756073655126,False,2
1654768525,18.64,55.48,242.0,400.0,13128,20015,939.496,0.53,0.55,3.63,0.5660000000000001,0.013,True,2
1654746033,20.597,52.09,1105.0,568.0,12826,19461,938.958,2.02,2.1,13.91,2.168,0.049,True,2
1654716836,51.88,13.69,1394.0,400.0,13262,20273,936.836,1.02,1.06,6.99,1.091,0.025,False,2
1654743985,2.583,49.13,935.0,664.0,12796,19501,939.097,1.91,1.98,13.12,2.045,0.046,True,2
1654779929,24.66,53.02,1191.0,408.0,12912,19427,938.731,1.77,1.84,12.19,1.901,0.043,True,2
1654772316,24.4,51.8,1076.0,666.0,12784,19458,939.081,2.17,2.25,14.92,2.326,0.053,True,2
1654738969,-9.22,55.67,52.0,400.0,13253,20209,939.727,2.55,2.65,17.56,2.738,0.062,True,2
1654781095,26.72,48.64,1176.0,400.0,12930,19439,938.706,1.46,1.52,10.05,1.568,0.035,True,2
1654782833,26.6,48.99,1304.0,400.0,12961,19406,938.72,1.92,2.0,13.23,2.063,0.047,True,2
1654768775,20.39,53.34,247.0,400.0,13136,20021,939.51,0.54,0.56,3.69,0.5760000000000001,0.013,True,2
1654764049,18.10373569833183,52.73831426444244,96.91571322212177,400.0,13191,20076,939.6606264301668,1.04,1.0845785661106089,7.179157132221218,1.1193735698331828,0.025,False,2
1654735513,20.88,53.26,0.0,400.0,13209,20144,939.592,0.91,0.94,6.26,0.975,0.022,False,2
1655126881,8.52,41.98,181.0,452.0,12761,20543,937.309,1.7,1.77,11.71,1.827,0.0409999999999999,False,2
1654739597,-7.83,48.93,175.0,400.0,13169,20096,939.644,0.93,0.96,6.37,0.994,0.022,True,2
1654768957,20.91,50.1,286.0,400.0,13127,19989,939.466,0.38,0.39,2.59,0.405,0.009,True,2
1655124761,22.769186168600733,40.83227572751608,67.24827482704677,400.0,12835,20702,937.5337586258648,1.9350345034590648,2.0075172517295323,13.30765526556579,2.075524152421345,0.047,False,2
1654747498,16.9,49.27,1080.0,477.0,12863,19459,938.899,1.72,1.78,11.81,1.841,0.042,True,2
1654765556,22.11,48.85,90.0,400.0,13240,20129,939.64,2.19,2.27,15.06,2.3480000000000003,0.053,True,2
1654744140,4.212,54.43,998.0,675.0,12786,19480,939.058,2.27,2.36,15.63,2.437,0.055,True,2
1655127832,12.3679646026263,39.66744193490671,0.0,400.0,13203,21043,937.4743425170471,1.918228344698212,1.988228344698212,13.194055102283908,2.058342517047318,0.0468228344698211,False,2
1654736164,13.64533739886172,48.34688836816552,110.57744532562018,400.0,13179,20066,939.6595774453256,0.9311277337189914,0.9711277337189914,6.409443042545343,0.9998319915096244,0.0225634062325064,False,2
1654903197,27.52,30.61,164.0,1331.0,13002,19834,931.111,0.72,0.75,4.965,0.775,0.018,True,2
1654712797,26.51,46.13,86.0,400.0,12826,20688,937.5,2.22,2.3,15.26,2.379,0.054,False,2
1654762070,12.46,55.43,17.0,400.0,12920,19864,939.746,0.31,0.32,2.13,0.3329999999999999,0.008,False,2
1654736435,10.298242708060034,49.91347722761532,166.24970832240135,400.0,13149,19999,939.6630851806248,0.72,0.7458343055919954,4.931668611183991,0.769166861118399,0.017,False,2
1654733557,22.904,56.85,10.0,400.0,12608,19674,939.79,0.06,0.11,0.28,0.121,0.049,False,2
1655124656,25.8850456805354,39.56550849995731,34.41713888651729,400.0,12834,20737,937.5841417138886,2.241577194475275,2.3315771944752752,15.445291777986478,2.40930176947741,0.0545748583340448,False,2
1654739427,-8.344,52.48,165.0,400.0,13173,20103,939.688,1.39,1.44,9.57,1.492,0.034,True,2
1655124477,26.59986769335784,38.925873074954055,59.48942291283774,422.09788458256753,12843,20724,937.573,2.1468519207797283,2.227830766605404,14.759921137109451,2.300830766605404,0.052195769165135,False,2
1654776535,26.77,48.16,1105.0,434.0,12875,19457,938.794,2.04,2.12,14.05,2.192,0.049,True,2
1655126315,-5.042,44.5,135.0,400.0,12791,20587,937.36,1.87,1.95,12.9,2.012,0.045,False,2
1655128489,19.04536934823941,36.86103312531038,58.43349107290655,400.0,12953,19440,936.886,0.42,0.44,2.8943349107290657,0.4514334910729066,0.01,False,2
1654749724,12.619000000000002,48.26,1141.0,400.0,12890,19439,938.753,2.11,2.2,14.56,2.27,0.051,True,2
1654766190,20.01,53.88,37.0,400.0,13246,20167,939.693,2.44,2.53,16.79,2.6180000000000003,0.059,True,2
1654764340,18.51,51.45,187.0,400.0,13142,19995,939.651,0.69,0.72,4.78,0.745,0.017,False,2
1654748424,12.915,48.65,1153.0,461.0,12858,19440,938.812,1.84,1.91,12.66,1.974,0.045,True,2
1655128628,20.655,31.21,425.0,400.0,12965,19458,936.882,0.31,0.32,2.12,0.33,0.0069999999999999,False,2
1654763222,16.48,54.13,84.0,400.0,13109,19974,939.623,0.94,0.97,6.45,1.006,0.023,False,2
1655127733,13.502401041838633,44.83237398977204,0.0,400.0,13083,20982,937.4534067540822,2.0686441530593878,2.1486441530593874,14.22096102039592,2.217553763263347,0.0499548051019795,False,2
1654738222,-7.836,48.37,23.0,400.0,13253,20198,939.687,2.31,2.4,15.88,2.477,0.0559999999999999,True,2
1654755055,-8.874,51.59,1314.0,400.0,12967,19402,938.717,2.24,2.32,15.4,2.401,0.054,True,2
1655126492,-4.829617481199173,46.90058790563807,129.720264757394,400.0,12800,20589,937.3245594704852,1.6718649016173732,1.7409324508086863,11.520256958895551,1.7965851663747672,0.0409999999999999,False,2
1654766864,21.11,54.97,0.0,400.0,13284,20269,939.73,2.49,2.59,17.14,2.673,0.06,True,2
1654734334,27.11808824884165,51.35914054239822,38.20576042509823,400.0,13013,19914,939.743,0.2644124420827876,0.2744124420827876,1.8291221177463983,0.2854124420827876,0.0060882488416557,False,2
1654747264,18.044,47.89,1111.0,490.0,12857,19454,938.91,1.78,1.85,12.23,1.906,0.043,True,2
1654750915,16.500999999999998,51.32,1082.0,400.0,12904,19453,938.738,1.46,1.52,10.05,1.568,0.035,True,2
1655129451,-17.746540526237222,18.05583426748689,1561.680966837156,400.0,10923,15647,936.7931609839644,0.85,0.88,5.830790245991153,0.906474147594692,0.021,False,2
1655127563,16.907,48.97,205.0,424.0,12767,20524,937.368,1.82,1.89,12.53,1.954,0.044,False,2
1654735280,22.97774915268174,51.25552543405829,40.132203414424495,400.0,13137,20014,939.6035152541472,0.5995593219519183,0.6195593219519183,4.116033897567266,0.6423830507326858,0.0149559321951918,False,2
1654763361,19.33,48.09,44.0,400.0,13129,20008,939.626,0.74,0.77,5.11,0.797,0.018,False,2
1654771306,22.4,56.41,732.0,721.0,12767,19543,939.115,2.48,2.57,17.05,2.659,0.06,True,2
1654714245,25.75,48.05,146.0,426.0,12778,20572,937.361,1.9,1.97,13.07,2.0380000000000003,0.046,False,2
1654744702,10.457,47.58,1067.0,618.0,12809,19461,939.093,2.16,2.25,14.89,2.322,0.052,True,2
1655124320,20.777344791689032,44.52868620869432,18.13137913056795,447.8686208694321,12862,20762,937.5695790805796,2.338945592271715,2.428945592271716,16.090778150732184,2.509708772368319,0.0564736398067927,False,2
1654771523,25.24,50.62,868.0,691.0,12780,19516,939.097,2.2,2.29,15.14,2.361,0.053,True,2
1655124888,17.271179747910775,40.46777111989074,52.24665466241792,400.0,12830,20709,937.5032971840144,1.818647893430448,1.888647893430448,12.513373280655522,1.95108028810197,0.0437161973357611,False,2
1654746218,20.836,52.57,1086.0,548.0,12830,19454,938.9,2.07,2.15,14.26,2.224,0.05,True,2
1654768734,21.02,49.9,258.0,400.0,13129,20006,939.482,0.58,0.6,3.98,0.621,0.0139999999999999,True,2
1654775773,27.14,46.94,1134.0,465.0,12860,19442,938.927,1.71,1.78,11.79,1.838,0.042,True,2
1654781438,24.44,53.96,1199.0,400.0,12934,19427,938.724,1.35,1.4,9.29,1.449,0.033,True,2
1655124534,27.109,39.27,41.0,405.0,12840,20733,937.562,2.02,2.1,13.93,2.173,0.049,False,2
1654762926,15.59,55.41,11.0,400.0,13120,20007,939.621,0.66,0.68,4.53,0.706,0.016,False,2
1655128062,12.515,39.08,0.0,400.0,13447,21282,937.392,2.11,2.19,14.49,2.26,0.051,False,2
1654753051,18.776,52.35,1189.0,410.0,12921,19434,938.709,1.76,1.82,12.09,1.885,0.043,True,2
1654769848,20.87,50.74,334.0,400.0,13102,19940,939.33,0.25,0.26,1.75,0.273,0.006,True,2
1655129014,10.981508920963694,16.809125097883225,100.55503251709126,400.0,13545,21051,936.8148297269228,1.3683537062845,1.4245625489416127,9.412596360077488,1.4676340443958589,0.0332088426571125,False,2
1654734971,25.208,55.24,24.0,400.0,13126,20013,939.616,0.64,0.67,4.41,0.688,0.016,False,2
1655129269,-6.804624556858874,23.463873670576625,0.0,400.0,11490,16706,936.8416928318204,0.9119198011218306,0.9461518806730984,6.213054647628448,0.9689965931667036,0.0240767920448732,False,2
1654713352,28.14787304393233,44.71046695382977,105.0,400.0,12794,20628,937.502164173939,1.8845895651525248,1.9622947825762624,12.98065304318636,2.0244421738643936,0.046,False,2
1654779456,24.54,53.49,1193.0,412.0,12901,19435,938.704,1.76,1.82,12.08,1.884,0.043,True,2
1654714103,26.69,44.08,134.0,422.0,12778,20583,937.356,1.82,1.9,12.56,1.959,0.044,False,2
1654737134,1.7519999999999998,46.74,156.0,400.0,13218,20064,939.647,1.99,2.06,13.66,2.131,0.048,True,2
1655124976,12.744000000000002,46.09,67.0,449.0,12789,20685,937.482,2.29,2.38,15.79,2.463,0.0559999999999999,False,2
1654715325,25.78,49.11,200.0,439.0,12764,20513,937.382,1.49,1.54,10.22,1.594,0.036,False,2
1655127159,19.54484306667181,44.02759945857008,158.95090827056072,407.3169694235202,12785,20570,937.4178793974944,1.715624280707166,1.7824545864719636,11.792539659185366,1.8381376170484436,0.041732122305919,False,2
1654771312,22.32,57.1,785.0,730.0,12761,19529,939.128,2.58,2.68,17.76,2.769,0.063,True,2
1654750407,14.515999999999998,50.8,1176.0,416.0,12897,19438,938.795,1.86,1.93,12.78,1.993,0.045,True,2
1654736075,14.718,47.66,121.0,400.0,13171,20060,939.627,1.01,1.05,6.98,1.088,0.025,False,2
1654716222,28.68281447901043,61.63595050577796,2323.325099898589,400.0,13359,20037,936.9422676605964,0.8916944360171752,0.9306835230177886,6.135904704117772,0.956672610018402,0.021393452200368,False,2
1654748859,12.114,53.0,1163.0,438.0,12867,19431,938.826,1.77,1.84,12.19,1.901,0.043,True,2
1654778266,26.2,52.1,1059.0,400.0,12903,19462,938.77,1.88,1.96,12.97,2.023,0.046,True,2
1654712649,29.419651920207286,40.22231798751288,58.90348079792716,400.0,12837,20708,937.5359691443886,1.900656635906722,1.970656635906722,13.05911385533669,2.0366257802953216,0.0459034807979271,False,2
1654734420,27.10547820081192,53.54705200181467,0.0,400.0,13059,19961,939.7842892745152,0.2252179918807934,0.2352179918807934,1.566525943165554,0.2442325246728463,0.0055072663960264,False,2
1654779421,26.95,47.85,1159.0,401.0,12916,19447,938.701,1.7,1.76,11.69,1.822,0.0409999999999999,True,2
1654739779,-7.217,48.93,184.0,400.0,13161,20082,939.641,1.03,1.07,7.11,1.109,0.025,True,2
1654714165,26.49141838294885,45.1826128729957,128.0,419.3254155363767,12776,20590,937.3612426196936,2.040827958428776,2.1127214091950286,14.015795709001432,2.185532064118404,0.0495680352298757,False,2
1654745606,18.789,49.88,1069.0,587.0,12818,19470,939.034,1.94,2.02,13.36,2.084,0.047,True,2
1654716624,48.59,24.75,621.0,603.0,12705,18978,936.919,0.9,0.94,6.19,0.966,0.022,False,2
1655127291,20.848000000000003,42.46,181.0,426.0,12774,20542,937.362,1.77,1.84,12.17,1.898,0.043,False,2
1655129697,-21.00417494967409,11.752151508462177,2087.1725921764933,400.0,13182,19303,936.7025537877116,0.9868755308526264,1.024172067171353,6.669073520446474,5.544830032849209,0.1252114189792784,False,2
1654747452,17.129,47.31,1099.0,491.0,12850,19452,938.889,1.92,2.0,13.22,2.062,0.047,True,2
1654753594,13.815,53.09,1325.0,433.0,12922,19399,938.732,1.55,1.61,10.66,1.663,0.038,True,2
1655124573,27.03907136906337,43.234514486595245,19.0,400.0,12847,20761,937.5998273859116,1.7703568453168697,1.8320829862030144,12.159402480762669,1.896428214380244,0.0431726140886144,False,2
1654744777,11.281,52.58,1040.0,624.0,12808,19465,939.082,1.98,2.06,13.64,2.128,0.048,True,2
1654743963,2.359,55.03,0.0,671.0,12791,19501,939.078,2.21,2.3,15.23,2.376,0.054,True,2
1654714152,28.76,41.47,121.0,400.0,12794,20601,937.342,1.91,1.98,13.14,2.048,0.046,False,2
1654772814,26.29,49.34,1036.0,616.0,12814,19471,939.093,2.23,2.32,15.38,2.398,0.054,True,2
1654763492,19.948517293750303,47.32370676562424,0.0,400.0,13193,20102,939.6640741353124,0.82,0.85,5.612965412499396,0.8754448118749094,0.02,False,2
1654735583,20.185300235402632,48.80263793574966,0.0,400.0,13220,20159,939.6238341693077,1.0712437301931974,1.1112437301931974,7.36787695789025,1.1482437301931974,0.0260414576731065,False,2
1654781092,26.63,49.19,1172.0,400.0,12930,19429,938.701,1.49,1.55,10.26,1.6,0.036,True,2
1654736724,6.698,54.48,275.0,400.0,13143,19940,939.667,1.85,1.92,12.7,1.981,0.045,True,2
1654772099,23.59,54.87,950.0,657.0,12795,19487,939.079,2.3,2.39,15.8,2.464,0.0559999999999999,True,2
1654712889,29.196735620566272,40.706748040101004,70.42021785776964,439.2825816966636,12790,20686,937.5235724727678,2.3874665580114263,2.478916013367002,16.43371536143556,2.562213213812569,0.0575797821422303,False,2
1655124647,26.07810254076641,40.05978698186932,43.0,400.0,12835,20732,937.5763541942245,2.0641677689719238,2.1441677689719234,14.20854855607452,2.2158135747476253,0.050354194224298,False,2
1654713361,28.65773737420751,42.14209203006719,0.0,400.0,12785,20639,937.4888136924728,1.824049382798137,1.9040493827981368,12.579600449478546,1.9619239058089784,0.0444372615054206,False,2
1654714420,25.85,47.83,157.0,420.0,12778,20572,937.32,1.94,2.01,13.34,2.081,0.047,False,2
1654777030,27.12,47.18,1191.0,417.0,12874,19438,938.783,1.89,1.96,12.99,2.026,0.046,True,2
1654762481,15.849190001887417,54.816629990906094,0.0,400.0,13074,19971,939.7481129999484,0.3227824998713127,0.3327824998713127,2.2185499991420845,0.3459679998627334,0.008,False,2
1654746536,20.614,50.14,1073.0,505.0,12848,19459,938.878,2.31,2.4,15.9,2.479,0.0559999999999999,True,2
1654784234,25.86,47.57,1427.0,437.0,12956,19368,938.728,1.77,1.84,12.2,1.902,0.043,True,2
1654733455,21.696,52.37,6.0,408.0,12562,19648,939.798,0.01,0.02,0.01,0.021,0.012,False,2
1654765989,22.42,47.66,47.0,400.0,13250,20179,939.655,2.19,2.28,15.08,2.351,0.053,True,2
1654716813,52.78,13.4,607.0,400.0,13035,19627,936.847,1.18,1.23,8.13,1.267,0.0289999999999999,False,2
1654733975,26.198552027443277,50.54406350602111,0.7656082329815065,400.0,12886,19857,939.8122968246988,0.2676560823298151,0.2776560823298151,1.8310405488654335,0.2856560823298151,0.0062552027443271,False,2
1654761674,11.26,56.23,7.0,400.0,12674,19714,939.791,0.09,0.13,0.54,0.139,0.036,False,2
1654745510,18.144,53.34,1042.0,582.0,12823,19464,939.013,2.28,2.37,15.72,2.451,0.055,True,2
1654765663,19.83,53.89,117.0,400.0,13223,20094,939.653,2.37,2.46,16.28,2.539,0.057,True,2
1654713786,28.77,41.49,90.0,401.0,12783,20632,937.441,1.77,1.84,12.2,1.903,0.043,False,2
1654768829,19.92,56.23,256.0,400.0,13140,20013,939.48,0.63,0.66,4.34,0.677,0.015,True,2
1654771845,23.52,54.64,898.0,685.0,12784,19507,939.124,1.68,1.74,11.55,1.8,0.0409999999999999,True,2
1655127530,17.59965193226875,42.49217310756249,188.82609846339292,422.6086553781247,12773,20527,937.3818260984632,1.763478030732141,1.833478030732141,12.142607199758915,1.892651932268748,0.0430869507683035,False,2
1654778085,26.02,53.07,1057.0,400.0,12908,19474,938.753,1.59,1.66,10.97,1.71,0.039,True,2
1655127434,19.462767561486157,48.10092911106732,205.4185822213464,432.4418903715382,12770,20517,937.395744253336,1.3227905481423092,1.3727905481423093,9.080929111067318,1.4162091303636557,0.032,False,2
1654754687,-2.898,53.83,1350.0,406.0,12952,19391,938.699,1.89,1.96,13.0,2.027,0.046,True,2
1654713955,28.24,43.78,71.0,400.0,12795,20648,937.38,1.85,1.93,12.76,1.99,0.045,False,2
1654765491,21.87,50.49,112.0,400.0,13229,20109,939.668,1.72,1.78,11.82,1.843,0.042,True,2
1654748052,14.247,47.38,1094.0,450.0,12868,19455,938.887,1.67,1.73,11.49,1.791,0.04,True,2
1655129058,8.215,19.15,22.0,400.0,13572,21135,936.807,0.88,0.92,6.07,0.947,0.021,False,2
1654757429,-12.153,50.93,1201.0,400.0,13028,19430,938.76,2.72,2.83,18.75,2.923,0.066,True,2
1654736136,13.986,49.91,132.0,400.0,13168,20048,939.661,0.88,0.91,6.06,0.944,0.021,False,2
1654743924,1.967,49.48,935.0,669.0,12793,19494,939.086,2.2,2.29,15.16,2.364,0.053,True,2
1655124430,25.555,43.68,63.0,400.0,12849,20727,937.578,2.27,2.36,15.65,2.441,0.055,False,2
1654764655,21.73,59.25,212.0,400.0,13184,19998,939.686,2.22,2.31,15.31,2.387,0.054,True,2
1654740060,-6.226,51.07,206.0,400.0,13151,20057,939.592,0.62,0.64,4.24,0.66,0.015,True,2
1654714964,25.79,48.9,151.0,420.0,12776,20573,937.382,1.61,1.67,11.09,1.73,0.039,False,2
1654740090,-6.121,54.23,215.0,400.0,13140,20049,939.616,0.86,0.89,5.91,0.922,0.021,True,2
1655124883,17.518,57.36,58.0,400.0,12836,20708,937.485,1.74,1.8,11.95,1.863,0.042,False,2
1654743103,-4.024,54.94,728.0,879.0,12692,19562,939.123,2.58,2.69,17.79,2.774,0.063,True,2
1654748115,13.984000000000002,47.22,1107.0,454.0,12868,19453,938.832,1.74,1.81,12.0,1.871,0.042,True,2
1655126768,3.117,46.71,163.0,444.0,12771,20559,937.288,1.85,1.92,12.72,1.983,0.045,False,2
1654712938,28.85317306207537,41.767307751698524,55.1881866010767,428.2647667486541,12786,20700,937.5323238337432,1.9571772009838493,2.0371772009838494,13.486651806395022,2.1026301543335806,0.0474529533497308,False,2
1654752063,20.554,48.42,1210.0,400.0,12918,19424,938.722,1.45,1.51,9.99,1.557,0.035,True,2
1654763167,16.24,54.96,62.0,400.0,13118,19994,939.631,0.75,0.78,5.2,0.81,0.018,False,2
1654740439,-5.011,49.53,259.0,400.0,13120,20001,939.555,0.53,0.55,3.64,0.5670000000000001,0.013,True,2
1654712844,27.15,43.62,51.0,449.0,12792,20713,937.503,2.14,2.23,14.75,2.301,0.052,False,2
1654741969,-4.937,56.42,356.0,400.0,13082,19901,939.315,0.42,0.44,2.91,0.4539999999999999,0.01,True,2
1654741642,-4.523,56.71,328.0,400.0,13101,19933,939.393,0.38,0.39,2.6,0.406,0.009,True,2
1655127721,13.695632420906186,40.8538694802965,0.0,400.0,13041,20848,937.452534315785,2.201372631401436,2.286715789251795,15.144951577660413,2.362044210326616,0.0535343157850359,False,2
1655128255,14.879,62.65,637.0,400.0,13208,20500,937.085,0.99,1.03,6.83,1.0659999999999998,0.024,False,2
1655129681,-21.398000000000003,11.14,2091.0,400.0,13255,19429,936.707,4.31,4.47,5.555,4.622,0.104,False,2
1655124878,17.715232676267135,41.50818380400264,50.79795773330409,400.0,12840,20719,937.4877306103112,1.7479795773330409,1.8173061031107207,12.052489670219687,1.8801714082662573,0.042932652577768,False,2
1654763604,20.05855635704305,47.73215051689811,0.0,400.0,13226,20168,939.6176812027466,1.1513082471836484,1.198120274648498,7.925969757750389,1.236120274648498,0.0280436082394548,False,2
1654784489,24.58,53.37,1377.0,408.0,12969,19387,938.725,2.09,2.17,14.36,2.239,0.051,True,2
1654780017,26.83,48.19,1216.0,408.0,12914,19421,938.711,1.54,1.6,10.59,1.651,0.037,True,2
1654741049,-4.082,50.66,295.0,400.0,13118,19967,939.437,0.37,0.39,2.56,0.3989999999999999,0.009,True,2
1654713797,28.98,40.96,96.0,400.0,12784,20621,937.443,1.93,2.0,13.25,2.066,0.047,False,2
1654763383,17.37,50.97,48.0,400.0,13131,20003,939.64,0.89,0.93,6.15,0.96,0.022,False,2
1654717165,48.84837315581869,27.285816686390923,706.1862514793191,524.5813422090654,11240,16437,936.8762091656804,0.7351162031558077,0.76,5.042674304733712,0.7903022914201134,0.019,False,2
1654767126,22.07,49.33,11.0,400.0,13267,20232,939.707,2.34,2.44,16.13,2.516,0.057,True,2
1654716069,27.16,40.39,163.0,400.0,13216,20982,937.052,1.89,1.97,13.03,2.032,0.046,False,2
1655127099,17.907,43.79,159.0,420.0,12775,20570,937.422,1.52,1.58,10.44,1.628,0.037,False,2
1654756062,-20.718000000000004,53.75,1329.0,401.0,12972,19392,938.754,2.1,2.18,14.45,2.253,0.051,True,2
1654715315,26.02273289915515,48.28401404675977,207.5054356619621,436.2212744225228,12770,20518,937.3898416123944,1.3665295194364395,1.4165295194364396,9.382127442252274,1.4631087132392426,0.0330737581408409,False,2
1654753988,8.434,46.99,992.0,400.0,13011,19476,938.714,2.38,2.47,16.39,2.556,0.0579999999999999,True,2
1654768713,20.25,54.58,255.0,400.0,13143,20024,939.483,0.52,0.54,3.57,0.556,0.013,True,2
1655130029,14.90598211313339,16.327656450394066,211.82621884371665,400.0,13753,20628,936.6456403995676,0.6023636131391031,0.6265252284405514,4.161575600165032,0.6496060360912755,0.0144969691808689,False,2
1654778763,26.98,47.73,1153.0,401.0,12903,19442,938.748,1.48,1.54,10.19,1.59,0.036,True,2
1654763224,16.39663570587855,54.246710011770034,81.49907117635647,400.0,13112,19976,939.6054934982344,0.8399628470542587,0.8782992764664038,5.791422076440536,0.9034619182306152,0.0204990711763564,False,2
1654762675,15.164892371048126,53.00913402142381,11.683463914304738,400.0,13087,19975,939.7134892371048,0.51,0.53,3.485611546381016,0.5435611546381016,0.012,False,2
1654776038,24.54,53.24,1201.0,474.0,12860,19436,938.865,1.75,1.82,12.05,1.88,0.042,True,2
1654717420,57.14,13.04,1221.0,400.0,11450,16844,936.737,0.8,0.83,5.48,0.866,0.02,False,2
1654749792,20.0,47.58,1118.0,407.0,12891,19447,938.769,1.77,1.84,12.17,1.898,0.043,True,2
1654783117,24.44,53.82,1343.0,414.0,12959,19385,938.706,1.96,2.04,13.52,2.109,0.048,True,2
1654761389,10.901312147517356,55.976799078016526,7.5328036879339,406.8031778723966,12501,19575,939.7439552792906,0.025328036879339,0.080656073758678,0.0176640184396695,0.0897216811345457,0.0536928497871076,False,2
1654784809,26.37,50.56,1356.0,406.0,12974,19385,938.701,2.02,2.1,13.93,2.172,0.049,True,2
1654761419,13.602131891367051,49.79076180407611,17.857873908863304,412.18021629494245,12531,19620,939.7784644684772,0.0446446847721582,0.1578681086329495,0.0146446847721582,0.1809772618823236,0.1099721445202805,False,2
1654741500,-4.352,50.26,315.0,400.0,13110,19956,939.408,0.22,0.23,1.52,0.238,0.005,True,2
1654751906,20.231,50.37,1235.0,417.0,12907,19417,938.719,1.66,1.72,11.41,1.779,0.04,True,2
1655127236,20.675,42.2,162.0,410.0,12775,20548,937.407,1.81,1.88,12.46,1.943,0.044,False,2
1654761643,13.789791520243504,50.38189646295292,3.1916608097401973,400.0,12666,19728,939.7878083391904,0.0670208479756495,0.1070208479756495,0.398083391902598,0.1142333567610392,0.0332125087853896,False,2
1654717714,51.06953895252453,13.831592630214097,1935.227157985727,400.0,13631,20184,936.67329505295,0.972045263309545,1.012045263309545,6.704316843166815,1.046045263309545,0.024,False,2
1654734069,26.59786511040724,57.09556736284697,11.0,400.0,12919,19856,939.752365303094,0.3005769971872328,0.0184639099914492,2.0546159774978623,0.3206923966246793,0.0069999999999999,False,2
1654762640,16.315648379968867,55.12733984951024,0.0,400.0,13106,19987,939.7158139416882,0.4054484881259729,0.4254484881259729,2.8072424406298646,0.4373587905007783,0.01,False,2
1654786314,26.54,49.25,1285.0,413.0,12988,19406,938.861,1.75,1.82,12.03,1.876,0.042,True,2
1654714097,28.932615854946736,41.17004267943029,127.57804885409914,400.0,12786,20596,937.3621646335944,1.573670732811487,1.6415609770819826,10.859365862491895,1.6930884160143584,0.0378945122135247,False,2
1654776825,26.03,52.82,1105.0,403.0,12885,19450,938.797,1.76,1.83,12.14,1.894,0.043,True,2
1654744581,9.11,47.98,998.0,623.0,12812,19481,939.094,2.34,2.43,16.09,2.509,0.057,True,2
1654713489,28.9334645983105,41.1265354016895,71.37637230410964,400.0,12791,20662,937.471247255392,1.486929196621004,1.546929196621004,10.245039778036524,1.5969984885872142,0.03613858393242,False,2
1654761489,12.09,49.32,39.0,455.0,12541,19629,939.817,0.0,0.0,0.0,0.001,0.001,False,2
1654774511,27.15,46.89,1126.0,543.0,12836,19451,938.885,1.76,1.83,12.1,1.887,0.043,True,2
1654715362,26.87,44.23,207.0,455.0,12761,20511,937.397,1.9,1.98,13.09,2.042,0.046,False,2
1654746137,20.768,47.01,0.0,541.0,12840,19480,938.948,2.05,2.13,14.14,2.204,0.05,True,2
1655126222,-4.547484221120754,42.283124625729336,147.91929647987442,440.0,12766,20570,937.349,1.742421105603767,1.8124211056037671,11.97694773922637,1.867663216164144,0.0420807035201255,False,2
1655128542,19.827377023233822,32.74027195061252,408.86760406557255,471.7395861570329,12778,19222,936.8902143804452,0.4077553727006026,0.4271942158757533,2.8042876089042186,0.4375309099706629,0.009943884317515,False,2
1654713522,25.99,47.33,67.0,400.0,12788,20665,937.461,2.35,2.44,16.17,2.521,0.057,False,2
1655128481,18.907,41.41,79.0,400.0,13019,19478,936.906,0.37,0.39,2.58,0.402,0.009,False,2
1654755637,-16.896,53.31,1366.0,408.0,12967,19385,938.702,1.9,1.97,13.07,2.0380000000000003,0.046,True,2
1654712448,26.64,45.86,28.0,411.0,12837,20742,937.586,1.95,2.02,13.4,2.09,0.047,False,2
1654715535,28.892048015815167,42.34205959610684,195.7951984184832,426.9485100973289,12774,20526,937.4133592712896,1.70435927128953,1.7687185425790604,11.72051489902671,1.8277951984184837,0.0409999999999999,False,2
1654735519,20.821,49.79,0.0,400.0,13195,20121,939.613,0.86,0.89,5.91,0.922,0.021,False,2
1654715505,25.81408113074963,49.1410264310044,214.04056537481657,440.81622614992665,12760,20500,937.4108567915248,1.2777566077511004,1.3277566077511005,8.802052862008804,1.372491703151394,0.0305918869250366,False,2
1654734055,26.54702312670685,54.7753977778633,14.755781676713353,400.0,12916,19860,939.7643547641316,0.275115633534267,0.285115633534267,1.9058094347398693,0.2976271968876938,0.0063778908383566,False,2
1654774196,26.8,47.83,1034.0,536.0,12839,19466,938.913,2.02,2.09,13.88,2.164,0.049,True,2
1654740279,-5.489,55.78,231.0,400.0,13137,20041,939.607,0.68,0.71,4.7,0.733,0.017,True,2
1654712923,26.31387296243056,46.73687839594907,73.07513583796272,449.7312160405093,12780,20686,937.544,2.270751358379627,2.360751358379628,15.630635187847204,2.4380952781770806,0.0552687839594906,False,2
1654717258,54.3,20.36,237.0,476.0,11375,16259,936.857,0.85,0.88,5.81,0.913,0.021,False,2
1654733818,25.264589362396087,51.37538364174651,34.47039501781329,400.0,12757,19758,939.8377055925266,0.2470613997624894,0.2570613997624894,1.6953124733077374,0.0876990231323718,0.0061765349940621,False,2
1655127206,20.371553217536366,48.96926361265386,174.87561875699367,426.9492574916076,12774,20540,937.4194746287458,1.9824876248601264,2.0624876248601263,13.667413374020883,2.130911511097538,0.0484746287458037,False,2
1654716111,26.19,56.89,178.0,400.0,13284,20979,937.048,1.83,1.9,12.56,1.959,0.044,False,2
1654785950,26.4,50.19,1272.0,400.0,12998,19416,938.801,2.03,2.11,13.97,2.178,0.049,True,2
1654715308,26.25569991127188,47.38767534751848,213.3799940847917,439.47499260598966,12763,20503,937.3941450133092,1.2518999704239586,1.3018999704239589,8.641874815149743,1.3478524711633595,0.0300474992605989,False,2
1654716620,49.70788745294973,24.003742337485026,494.66017726607527,678.4510536412392,12671,18906,936.898804214565,0.7472552682061961,0.7772552682061962,5.158042145649569,0.804431848668055,0.018,False,2
1654745589,18.681,47.54,1000.0,579.0,12831,19480,939.046,2.01,2.08,13.8,2.152,0.049,True,2
1654771426,22.73,56.45,915.0,726.0,12770,19514,939.138,2.35,2.44,16.15,2.518,0.057,True,2
1654715260,25.8866713671657,48.81598307820347,197.80056405988427,440.6671367165702,12764,20520,937.3562022562396,1.6286657265668594,1.69,11.17866572656686,1.743733145313372,0.039,False,2
1654777384,27.02,47.46,1159.0,410.0,12882,19441,938.805,1.65,1.72,11.37,1.773,0.04,True,2
1654734699,26.515,50.54,0.0,400.0,13113,20007,939.698,0.38,0.39,2.6,0.406,0.009,False,2
1654717760,49.95,14.27,1655.0,400.0,13664,20263,936.677,0.9,0.93,6.18,0.964,0.022,False,2
1654761781,11.670304363375482,54.5824129113084,20.464490939527074,400.0,12726,19748,939.8289797091084,0.095050727229247,0.115050727229247,0.605050727229247,0.1230202908916988,0.0195050727229247,False,2
1654712533,29.631267872040755,39.67508389430626,32.41267872040757,400.0,12837,20741,937.581063393602,2.171901808061135,2.2560285952652106,14.94743944363202,2.331504667587656,0.0526507148816302,False,2
1654733704,24.356,52.37,31.0,400.0,12687,19718,939.809,0.04,0.05,0.23,0.054,0.012,False,2
1654767580,19.12,55.57,178.0,400.0,13166,20087,939.651,0.96,1.0,6.64,1.036,0.023,True,2
1654735662,19.37239258843333,47.78040587150806,42.00176465873067,400.0,13193,20113,939.5859947060238,1.0900352931746131,1.1300352931746134,7.488239993587372,1.1676374107650904,0.0262007058634922,False,2
1654750670,15.497,53.75,1205.0,404.0,12896,19431,938.764,1.83,1.9,12.61,1.966,0.044,True,2
1654714859,28.38,43.56,166.0,429.0,12776,20551,937.368,2.15,2.24,14.81,2.309,0.052,False,2
1654783507,26.95,47.82,1364.0,404.0,12960,19386,938.712,2.29,2.38,15.8,2.463,0.0559999999999999,True,2
1654753230,17.508,52.11,1222.0,418.0,12920,19416,938.752,1.47,1.52,10.09,1.574,0.036,True,2
1654714128,25.74,48.02,130.0,409.0,12790,20598,937.365,1.76,1.83,12.14,1.893,0.043,False,2
1654717035,45.88819886000886,28.42378974007978,874.5,830.9258390323546,12595,18613,936.8357392020064,0.72,0.74,4.922950284997784,0.7685900569995568,0.9890692840833244,False,0
1654766286,22.3,48.57,30.0,400.0,13251,20181,939.705,2.19,2.28,15.08,2.351,0.053,True,2
1654771476,23.25,53.81,917.0,718.0,12765,19499,939.108,2.33,2.42,16.02,2.499,0.0559999999999999,True,2
1654762460,14.199045530083096,53.88379989655284,25.0,400.0,13044,19932,939.752875997931,0.3284924116528174,0.3384924116528173,2.2394468815697217,0.349108825374578,0.0076164137217605,False,2
1654778384,25.65,53.86,0.0,400.0,12904,19457,938.815,1.77,1.84,12.2,1.903,0.043,True,2
1654755940,-19.849,53.58,1329.0,404.0,12965,19394,938.751,1.92,1.99,13.19,2.056,0.046,True,2
1654748414,12.943,47.31,1082.0,431.0,12877,19459,938.83,1.93,2.01,13.32,2.077,0.047,True,2
1654714618,28.303015914827117,43.49716033122788,152.07760094636538,430.8447981072693,12776,20567,937.3443791924292,1.923835985804519,1.9984479810726925,13.225299881704329,2.062986781545875,0.0464611995268173,False,2
1654784043,26.88,48.07,1344.0,400.0,12969,19394,938.734,1.9,1.97,13.05,2.036,0.046,True,2
1654783970,26.43,49.99,1299.0,400.0,12977,19408,938.757,1.9,1.97,13.05,2.0340000000000003,0.046,True,2
1654776981,24.99,51.36,1245.0,441.0,12861,19421,938.811,1.81,1.88,12.43,1.938,0.044,True,2
1654782013,27.04,46.26,990.0,400.0,13025,19484,938.718,2.62,2.73,18.06,2.817,0.064,True,2
1654714520,27.5394435407892,43.10250498116474,145.03069301550045,412.7508911751993,12783,20572,937.330655247428,1.9540613860310008,2.034061386031001,13.472491088248006,2.100873663237201,0.0474061386031,False,2
1655129187,-0.911920974704228,32.041170086825744,2028.5,3189.834319864978,11946,17613,936.8837464811878,0.755,0.78,5.175,0.807,0.4123033741026661,False,1
1654734917,25.51860247865852,55.73413900498917,9.983620842561088,400.0,13126,20013,939.6219836208426,0.6249181042128055,0.6549181042128055,4.325697203436437,0.675409914634086,0.0148729526053201,False,2
1654772237,26.23,48.55,1005.0,654.0,12797,19480,939.054,2.53,2.63,17.44,2.719,0.061,True,2
1654749791,12.755999999999998,47.6,1107.0,402.0,12892,19452,938.776,1.76,1.83,12.11,1.888,0.043,True,2
1654903005,20.704113964631983,30.34647672561336,0.0,400.0,13443,19823,931.1364704654876,1.914901551625776,2.449606206503104,12.009409309754655,2.608527447803725,0.4962735687392847,False,2
1654714587,26.24590792161882,46.71659850947768,195.49424510117623,448.98849020235247,12763,20527,937.3456023019596,1.8950575489882375,1.968069058785885,13.028414352715313,2.031165605846591,0.0456023019595295,False,2
1654764173,20.33,49.77,96.0,400.0,13187,20073,939.654,0.95,0.99,6.53,1.019,0.023,False,2
1654763576,17.31,54.01,0.0,400.0,13207,20128,939.602,0.84,0.87,5.79,0.902,0.02,False,2
1654716736,54.95952634039601,19.857606623258796,357.681284463895,855.6303062389921,12568,18583,936.9166445559056,1.1181043646261415,1.162583039974383,7.679858500293542,1.1976446556012177,0.0274786753482414,False,2
1654717091,47.63006972414036,27.316901623341423,731.9314468165973,525.8838108753035,11628,17055,936.8655968242706,0.7325968242705804,0.76,5.035580945623482,0.7885580945623483,0.019,False,2
1654750348,14.312,51.21,1140.0,400.0,12891,19452,938.78,1.92,2.0,13.23,2.062,0.047,True,2
1654764973,22.67,51.09,335.0,400.0,13105,19879,939.675,1.41,1.47,9.73,1.517,0.034,True,2
1654736433,10.33,49.42,178.0,400.0,13151,20000,939.646,0.72,0.75,4.94,0.7709999999999999,0.017,False,2
1654739479,-8.193999999999999,48.87,159.0,400.0,13178,20111,939.66,1.29,1.34,8.9,1.388,0.031,True,2
1654751931,20.291,53.88,1220.0,409.0,12911,19423,938.71,1.82,1.89,12.54,1.956,0.044,True,2
1655127449,19.19571318497655,47.07984984565199,193.9183830717636,419.2789220478424,12770,20528,937.3414691047084,1.5842868150234506,1.6442868150234506,10.895245433489672,1.6984025032148202,0.0381973051196059,False,2
1654767746,19.24,54.54,195.0,400.0,13154,20064,939.644,0.87,0.9,5.97,0.931,0.021,True,2
1654781371,24.55,53.41,1226.0,415.0,12925,19431,938.737,1.4,1.45,9.62,1.501,0.034,True,2
1654744238,5.278,47.97,1073.0,678.0,12779,19465,939.059,2.35,2.44,16.15,2.518,0.057,True,2
1654761970,13.83,56.01,0.0,400.0,12883,19847,939.856,0.19,0.2,1.31,0.204,0.005,False,2
1654750240,13.957,53.22,1132.0,402.0,12883,19439,938.754,2.33,2.42,16.03,2.499,0.0559999999999999,True,2
1654762148,14.42,56.19,0.0,400.0,12980,19923,939.795,0.17,0.18,1.18,0.185,0.004,False,2
1654778080,24.47,53.68,1122.0,400.0,12885,19457,938.76,1.73,1.8,11.94,1.862,0.042,True,2
1654761675,11.23,56.37,7.0,400.0,12673,19715,939.791,0.09,0.12,0.52,0.134,0.035,False,2
1654772582,26.12,49.92,1067.0,627.0,12809,19469,939.083,2.6,2.7,17.87,2.786,0.063,True,2
1654763228,17.69,54.47,44.0,400.0,13134,20002,939.621,0.79,0.82,5.43,0.846,0.019,False,2
1654743214,-3.529,50.98,688.0,770.0,12747,19570,939.156,3.03,3.15,13.41,3.249,0.073,True,2
1654712384,26.80437343549751,45.44125312900498,40.88417442181943,434.1607589857854,12835,20746,937.5879550665924,2.1448227695735604,2.2256265645024875,14.77215179715707,2.3030639080522386,0.0520803794928926,False,2
1654713045,26.2,46.99,122.0,419.0,12772,20626,937.568,1.9,1.98,13.09,2.042,0.046,False,2
1654745237,15.928,47.12,1130.0,611.0,12815,19446,939.024,2.29,2.38,15.75,2.456,0.055,True,2
1654743495,-1.8,53.03,883.0,702.0,12779,19514,939.088,2.47,2.56,16.98,2.647,0.06,True,2
1654744114,3.934,48.25,971.0,651.0,12799,19496,939.072,2.03,2.1,13.94,2.174,0.049,True,2
1654748851,12.121,51.92,1178.0,438.0,12874,19440,938.832,1.9,1.97,13.07,2.0380000000000003,0.046,True,2
1654735069,24.582,48.31,53.0,400.0,13116,20004,939.599,0.8,0.83,5.52,0.861,0.019,False,2
1654716633,48.50550819742502,23.55270491773957,389.1290982653608,587.5954918633878,12711,19004,936.892729508226,0.8727295082260428,0.9027295082260428,5.995012295243236,0.9344565574034386,0.021,False,2
1654754101,6.704,48.48,1228.0,400.0,12964,19418,938.703,2.07,2.15,14.26,2.224,0.05,True,2
1655125132,4.328,40.63,82.0,400.0,12786,20673,937.555,1.99,2.07,13.7,2.137,0.048,False,2
1654764317,19.963506454798768,45.11987359538047,182.14866722421377,400.0,13137,19992,939.6504460016728,0.9485133277578623,0.9885133277578624,6.52405331103145,1.0179593294305036,0.023,False,2
1654749361,12.106,48.68,1193.0,401.0,12884,19442,938.789,1.93,2.01,13.3,2.075,0.047,True,2
1655124766,22.57885063650525,40.33228827914664,58.93532484659664,400.0,12839,20714,937.5411940254604,1.9487064969319328,2.018706496931933,13.390298726989498,2.0884477963183192,0.047,False,2
1654774000,24.45,53.22,1061.0,554.0,12828,19465,938.982,1.76,1.83,12.14,1.893,0.043,True,2
1655129054,8.457812954269697,18.78353343846047,51.54811303844194,400.0,13558,21105,936.8108714411154,0.8732255573076745,0.2935257149983787,6.023225557307674,0.9386451114615348,0.021,False,2
1654742782,-4.939,58.12,632.0,525.0,12874,19628,939.193,2.73,2.84,18.81,2.9330000000000003,0.066,True,2
1655129319,-10.182394107190856,24.09334851039472,219.3473721151132,523.4419149342139,11140,16276,936.8660068296776,1.0942825557896865,0.8710934045394969,5.612175426282956,0.8751594575625095,0.5551093404539497,False,2
1654768366,20.57,53.25,212.0,400.0,13149,20050,939.561,0.51,0.53,3.53,0.55,0.012,True,2
1654763615,18.239188955599644,49.00788202427598,17.327164971572426,400.0,13193,20139,939.6161322828084,1.2238976432632511,1.2662874075895765,8.404452795821733,1.3110043368874738,0.0297169292978974,False,2
1654773234,26.57,48.35,1092.0,600.0,12817,19452,939.04,2.01,2.09,13.82,2.155,0.049,True,2
1654739647,-7.666,49.6,175.0,400.0,13169,20097,939.671,0.83,0.87,5.75,0.8959999999999999,0.02,True,2
1654777018,26.9,47.91,1203.0,423.0,12867,19422,938.8,2.11,2.19,14.52,2.264,0.051,True,2
1655125547,-9.234695402967644,41.267851656346,76.35194313977561,400.0,12788,20658,937.5013045970323,2.354636019784293,2.446395735483171,16.21717299139342,2.529219763913284,0.0575279147096634,False,2
1654715823,27.779768434778475,57.14927564841116,0.0,400.0,13318,21174,937.4490578913052,1.8998842173892367,1.9698842173892368,13.079073739113896,2.039849482606008,0.046,False,2
1654735930,16.41966042173717,50.84838385901884,43.878085033407096,400.0,13210,20126,939.6364876598664,0.9873148979955744,1.022924472828539,6.786813860801986,1.0580463877951318,0.0236828724498893,False,2
1655126158,-4.232724153723218,41.142442436614566,157.1810384308045,414.6379231383909,12777,20561,937.4399137694152,1.6196839738467423,1.683620768616091,11.12959820123524,1.7356207686160905,0.0393936794769348,False,2
1654733596,23.321,54.43,31.0,400.0,12632,19698,939.798,0.11,0.2,0.59,0.214,0.077,False,2
1655127172,19.829750779739246,42.33341859029712,163.7763568283814,414.1645352425721,12781,20561,937.419,1.8141773237871397,1.8822364317161857,12.459241266509975,1.9425950561658532,0.0438059107929046,False,2
1654751988,20.415,53.73,1243.0,417.0,12912,19415,938.713,1.6,1.67,11.05,1.722,0.039,True,2
1654762836,17.95,49.47,2.0,400.0,13122,20020,939.701,0.55,0.57,3.75,0.585,0.013,False,2
1654757641,-6.912999999999999,48.98,1274.0,400.0,13006,19416,938.812,2.03,2.11,13.96,2.177,0.049,True,2
1654773991,24.59,52.66,1092.0,561.0,12830,19455,938.974,1.97,2.04,13.53,2.11,0.048,True,2
1654762329,15.77,51.12,0.0,400.0,13037,19948,939.752,0.15,0.15,1.0,0.156,0.004,False,2
1654750815,16.082,47.5,1111.0,400.0,12909,19452,938.732,1.76,1.83,12.14,1.893,0.043,True,2
1654748257,13.443,52.71,1147.0,461.0,12865,19431,938.795,1.8,1.87,12.41,1.935,0.044,True,2
1654761889,12.517314592283938,50.835056912439256,33.305277669285616,400.0,12798,19786,939.8206947223308,0.2434736116535719,0.2534736116535719,1.6725784757482174,0.2604736116535719,0.006,False,2
1654778060,25.05,51.17,1159.0,410.0,12886,19430,938.773,1.68,1.75,11.57,1.805,0.0409999999999999,True,2
1655129716,-20.414,12.44,2059.0,400.0,13257,19410,936.705,0.89,0.92,6.09,0.95,0.021,False,2
1654761614,11.2,55.74,9.0,400.0,12639,19705,939.796,0.16,0.27,0.85,0.294,0.103,False,2
1654782482,26.88,47.88,1302.0,400.0,12953,19403,938.672,2.23,2.32,15.35,2.393,0.054,True,2
1654774894,24.61,52.91,1140.0,508.0,12847,19448,938.875,1.93,2.01,13.3,2.074,0.047,True,2
1654733710,24.408,54.6,23.0,400.0,12695,19725,939.811,0.02,0.03,0.12,0.0289999999999999,0.006,False,2
1654744429,7.403,52.81,1028.0,646.0,12800,19474,939.091,2.27,2.36,15.65,2.441,0.055,True,2
1654762223,15.526796362807463,50.437572002735365,11.79610911577604,400.0,12995,19913,939.7490194544212,0.1493203637192534,0.1493203637192534,1.0152425460347745,0.1583203637192534,0.0039320363719253,False,2
1654716834,51.96551242645148,13.729193195456933,1375.1160058252972,400.0,13264,20274,936.8317243786774,1.0520671599193068,1.0956301776881183,7.228722190510394,1.127699083018762,0.0257126035537623,False,2
1654735780,18.109,48.19,30.0,400.0,13211,20131,939.646,1.11,1.15,7.64,1.192,0.027,False,2
1654763699,17.49099556324194,53.93450221837903,30.398225296774548,400.0,13191,20126,939.5779524402168,1.3090044367580638,1.3590044367580638,9.015022183790318,1.4062035494064509,0.032,False,2
1654755860,-19.173,47.63,1299.0,400.0,12967,19402,938.746,1.9,1.97,13.07,2.037,0.046,True,2
1654712235,30.02590084372043,38.46037658265899,23.46139241198161,436.48713080399386,12858,20769,937.577730696206,2.021286919600613,2.101286919600613,13.888493669364047,2.165825527188632,0.0487821729900153,False,2
1654764019,20.8,46.39,92.0,400.0,13189,20089,939.659,0.99,1.03,6.79,1.0590000000000002,0.024,False,2
1655126672,-0.8271191463845934,47.57540653929418,175.4900711346172,430.6931436410208,12780,20538,937.3204900711346,1.973465718205104,0.3283476601935362,13.56589359788445,2.1159756470704867,0.0478366429551275,False,2
1654742682,-5.09,60.16,644.0,569.0,12856,19619,939.255,2.54,2.64,17.52,2.7310000000000003,0.062,True,2
1654715213,27.94,46.09,160.0,410.0,12780,20554,937.342,1.74,1.81,11.96,1.865,0.042,False,2
1654713011,29.22,40.63,82.0,400.0,12786,20673,937.555,1.99,2.07,13.7,2.137,0.048,False,2
1654766093,22.01,49.84,44.0,400.0,13251,20168,939.683,2.36,2.46,16.26,2.536,0.057,True,2
1655125053,8.534999081130804,44.19906312475997,60.12277267054926,424.0552936452069,12789,20707,937.5377300838986,2.1033739512671183,2.1833739512671184,14.463617658869827,2.2556438673684878,0.0510674790253423,False,2
1654716557,47.94501225869946,26.0195414494435,648.1752700673711,485.9795242120677,12773,19129,936.8969361208964,0.8185421774458109,0.1224570945518795,5.6097952421206765,0.8745421774458109,0.02,False,2
1655127668,14.667623009734813,47.236438834577086,215.3686407760305,440.3686407760305,12761,20500,937.4430041747446,1.6989407767190847,1.76525436895878,11.681526213752678,1.8219916505108409,0.0409999999999999,False,2
1654903514,38.98,15.12,1429.0,737.0,11675,19225,930.884,1.25,1.3,8.62,1.344,0.03,True,2
1654763876,17.79,53.61,64.0,400.0,13185,20108,939.631,0.99,1.03,6.81,1.062,0.024,False,2
1655124858,18.673529698902357,46.0390941722368,80.87402546963706,400.0,12828,20683,937.507342531837,2.2367126591852315,2.324055191022278,15.404331146133668,2.401852431471164,0.0544685063674092,False,2
1654715712,28.46,39.06,0.0,400.0,13175,20993,937.468,2.02,2.1,13.9,2.167,0.049,False,2
1654717374,58.71023565188392,17.99640545745136,803.9495996136517,400.0,11072,16072,936.7716328785458,0.82757808096952,0.85757808096952,5.692734242908561,0.887304656678664,0.02,False,2
1654763602,20.02,52.887922291458125,0.0,400.0,13221,20163,939.632631314773,1.1405252590920725,1.1857878886381084,7.858939443190542,1.2255777850012797,0.0275262629546035,False,2
1654756501,-21.993,49.22,1366.0,402.0,12984,19392,938.697,1.77,1.84,12.17,1.898,0.043,True,2
1654745186,15.46,49.95,1157.0,627.0,12805,19443,939.048,2.26,2.35,15.54,2.423,0.055,True,2
1654772144,23.92,53.77,988.0,662.0,12790,19479,939.067,2.21,2.3,15.21,2.371,0.054,True,2
1655128244,14.705,60.6,534.0,400.0,13036,20609,937.074,1.21,1.26,8.33,1.298,0.0289999999999999,False,2
1654763170,18.12,53.88,29.0,400.0,13137,20019,939.622,0.69,0.71,4.73,0.738,0.017,False,2
1654743696,-0.177,49.64,873.0,670.0,12786,19508,939.113,2.75,2.86,18.92,2.95,0.067,True,2
1655127094,17.767935063542343,45.69173228508773,148.01804867518592,402.8411587340264,12780,20573,937.39106859789,1.414548783120352,1.474548783120352,9.74324940775034,1.5194079905295643,0.034490975662407,False,2
1654755484,-15.04,48.65,1341.0,410.0,12968,19397,938.711,2.08,2.16,14.31,2.232,0.05,True,2
1654744780,11.313,52.94,1040.0,618.0,12810,19474,939.077,2.05,2.13,14.12,2.202,0.05,True,2
1654772688,24.11,53.76,1076.0,651.0,12796,19467,939.114,2.09,2.17,14.39,2.244,0.051,True,2
1654743316,-2.982,53.25,758.0,714.0,12770,19536,939.136,2.55,2.65,17.55,2.736,0.062,True,2
1654734408,27.112297709227377,56.76938943134564,7.1488546136893065,400.0,13045,19942,939.799041982296,0.2944656384106792,0.3059541845475723,2.0427480150116475,0.3190610568654364,0.0071488546136892,False,2
1654713336,26.23,46.74,110.0,400.0,12772,20618,937.492,2.01,2.09,13.82,2.156,0.049,False,2
1654742290,-5.212000000000001,50.8,363.0,400.0,13059,19900,939.26,0.49,0.51,3.38,0.527,0.012,True,2
1654745413,17.417,47.3,1032.0,578.0,12823,19472,939.003,1.97,2.05,13.57,2.117,0.048,True,2
1654714076,28.25923106489998,43.35780084617153,103.26374471142796,400.0,12793,20612,937.3835274894228,2.1073625528857205,2.187362552885721,14.485494040871462,2.2596262975971486,0.051,False,2
1654735241,23.304,47.35,65.0,400.0,13119,19981,939.612,0.6,0.63,4.15,0.6459999999999999,0.015,False,2
1654757908,1.555,51.76,1366.0,415.0,12986,19379,938.798,1.74,1.81,12.0,1.871,0.042,True,2
1654764784,22.26,54.26,296.0,400.0,13134,19923,939.692,1.89,1.97,13.03,2.031,0.046,True,2
1654903025,22.52,53.93,28.0,4731.0,12248,19675,931.209,1.72,1.79,11.84,1.848,0.042,False,1
1654783928,26.95,47.78,1295.0,400.0,12974,19407,938.753,1.94,2.02,13.37,2.085,0.047,True,2
1655126182,-4.337061018793071,47.61091528189606,105.0061018793071,405.9694906034645,12781,20614,937.3899755924828,2.009816943620787,2.089816943620787,13.84871860534551,2.158798637982866,0.0489938981206929,False,2
1654715985,24.46398882846784,44.49,0.0,400.0,13435,21243,937.3932022343064,1.87,1.9447977656935675,12.87919106277427,2.0088786594161405,0.045,False,2
1654776218,24.52,53.29,1109.0,449.0,12866,19448,938.822,2.03,2.11,13.99,2.181,0.049,True,2
1654751114,17.354,47.56,1105.0,408.0,12908,19459,938.725,2.11,2.19,14.54,2.267,0.051,True,2
1655128698,20.76195386334034,27.69076894432768,532.0,546.7231800420362,12736,19085,936.8720461366596,0.7795386334033938,0.8095386334033938,5.366924222689292,0.8375232545168402,0.0189846211134464,False,2
1655126879,8.423,41.92,151.0,418.0,12778,20565,937.308,1.73,1.8,11.92,1.859,0.042,False,2
1655124586,26.95041377165889,39.96674317588275,26.13027296468999,400.0,12847,20751,937.566218362212,1.86065136482345,1.9406513648234496,12.83455955376415,2.00078163778814,0.045,False,2
1654778106,27.02,47.53,1138.0,400.0,12894,19452,938.746,1.73,1.8,11.89,1.855,0.042,True,2
1655126380,-5.232357613496249,42.74735138661526,131.81456809774906,400.0,12790,20586,937.3579271595112,2.2445695460150064,2.334569546015006,15.447417276090038,2.4095695460150064,0.0547284773007503,False,2
1654753586,13.912,50.59,1396.0,438.0,12922,19389,938.735,1.63,1.69,11.2,1.746,0.039,True,2
1654756595,-21.837,53.18,1383.0,407.0,12967,19370,938.709,1.94,2.02,13.35,2.082,0.047,True,2
1654779304,27.02,47.61,1157.0,400.0,12905,19435,938.715,1.57,1.63,10.81,1.686,0.038,True,2
1655124551,27.11977472412017,44.493791381975214,56.06318969958689,420.7747241201652,12832,20720,937.5620988964806,2.141620861802479,2.221620861802479,14.721346032617353,2.296395585922644,0.052,False,2
1654714624,28.542251496739805,42.647887009355344,154.92829991495142,430.5119500141748,12775,20562,937.3433107003684,1.96,2.04,13.495119500141747,2.104511950014175,0.048,False,2
1654715557,25.975465291665905,48.65723189166956,216.09069416668189,438.81624750013697,12759,20501,937.4527302816664,1.7190930583331812,1.78,11.817279174999545,1.843546529166591,0.042,False,2
1654774465,24.8,51.96,1191.0,552.0,12830,19440,938.913,2.08,2.17,14.34,2.237,0.051,True,2
1654717396,58.33,13.27,1206.5,400.0,11103,16414,936.742,0.81,0.83,5.485,0.866,0.02,False,2
1654784861,24.34,54.24,1404.0,410.0,12971,19375,938.69,1.78,1.85,12.25,1.91,0.043,True,2
1654775958,25.22,50.0,1216.0,487.0,12852,19429,938.878,1.96,2.03,13.47,2.101,0.047,True,2
1654717102,46.30445470360293,29.36,967.1090592794144,474.07921851995815,11615,16986,936.8568317944596,0.71,0.735,4.875,0.7615000000000001,0.018,False,2
1654740258,-5.557,49.52,221.0,400.0,13138,20040,939.625,0.57,0.6,3.94,0.615,0.0139999999999999,True,2
1655124571,27.05020006708591,45.12528516865973,8.38179378694171,400.0,12851,20767,937.5845818608728,1.82581860872852,1.89581860872852,12.56073026109964,1.9587459180481075,0.0443091031065291,False,2
1654755062,-8.982999999999999,48.86,1354.0,403.0,12963,19387,938.716,2.17,2.26,14.96,2.333,0.053,True,2
1654717898,45.096106364162026,17.14235829281206,507.05850243127645,400.0,13788,20696,936.6808537439218,0.7664716585624118,0.7964716585624119,5.268829951374471,0.8221480756342912,0.0183235829281205,False,2
1655124524,27.073019077032924,39.91508922808405,45.79261547005296,413.7735384371277,12840,20729,937.5443396923444,2.2043384609281933,2.2854707687425546,15.14716307338352,2.362791384053938,0.0528867692185638,False,2
1654768592,18.46,56.32,253.0,400.0,13132,20013,939.536,0.49,0.51,3.37,0.526,0.012,True,2
1654714357,25.89,47.6305644786631,144.4647200835563,410.5070559832888,12781,20574,937.3329858880334,2.01,2.0849294401671123,13.834647200835564,2.1574364961504013,0.049,False,2
1654734483,27.045,50.08,8.0,400.0,13060,19957,939.775,0.41,0.43,2.84,0.4429999999999999,0.01,False,2
1654746018,20.564,46.96,1080.0,554.0,12828,19464,938.961,1.98,2.06,13.65,2.128,0.048,True,2
1655128730,20.58900761629696,24.68037304737908,861.9228517585304,633.9453122759653,12693,18964,936.8872810549173,0.6756464859992519,0.7079101579302606,4.66594337040871,0.7269474626681683,0.016584570351706,False,2
1654738778,-9.265,54.25,24.0,400.0,13248,20212,939.714,2.51,2.61,17.27,2.693,0.061,True,2
1654765468,20.15,52.31,128.0,400.0,13219,20082,939.617,1.91,1.98,13.13,2.048,0.046,True,2
1654746656,20.356,50.14,1099.0,519.0,12845,19454,938.884,1.81,1.89,12.49,1.948,0.044,True,2
1654769626,20.92,50.32,322.0,400.0,13104,19936,939.394,0.36,0.38,2.5,0.389,0.009,True,2
1654738819,-9.275,48.56,18.0,400.0,13270,20225,939.717,2.53,2.63,17.42,2.716,0.061,True,2
1654753687,12.655,48.11,1214.0,400.0,12951,19430,938.75,2.05,2.13,14.14,2.205,0.05,True,2
1654734119,26.762,56.02,10.0,400.0,12955,19882,939.776,0.19,0.19,1.27,0.1989999999999999,0.004,False,2
1654780307,26.32,51.39,1186.0,400.0,12929,19436,938.701,1.5,1.56,10.32,1.609,0.036,True,2
1654716516,43.06266488941867,31.278479660443864,999.5464356244272,400.0,12946,19422,936.8827065955768,0.392664889418671,0.4026648894186709,2.690121248046963,0.4192247827837912,0.0097065955767468,False,2
1654752439,20.76,47.45,1199.0,400.0,12926,19426,938.716,1.58,1.64,10.88,1.696,0.038,True,2
1654742645,-5.131,66.25,611.0,561.0,12858,19642,939.206,2.31,2.4,15.93,2.484,0.0559999999999999,True,2
1655124592,26.890595889306333,39.54598173025037,24.198629768777764,400.0,12841,20750,937.5758013702311,1.9679908651251847,2.0419862976877776,13.547922353564074,2.112187211175259,0.0473995432562592,False,2
1655127756,13.17396559969193,42.22948399537899,0.0,400.0,13082,21043,937.4381453143076,1.9263671423070232,1.9963671423070235,13.236749710764949,0.1466221364885429,0.0469273428461404,False,2
1654746081,20.688,46.86,1073.0,557.0,12831,19459,938.967,2.0,2.07,13.74,2.143,0.048,True,2
1654754699,-3.097,49.52,1321.0,400.0,12961,19400,938.701,1.83,1.9,12.57,1.96,0.044,True,2
1654779112,26.67,49.04,0.0,400.0,12907,19456,938.704,2.17,2.26,14.95,2.332,0.053,True,2
1655124586,26.951,39.97,26.0,400.0,12848,20752,937.567,1.86,1.94,12.83,2.0,0.045,False,2
1654712220,29.60350990339311,39.70359281397239,16.47075080505741,420.7646245974713,12868,20775,937.5994421925316,1.925591893113792,2.0017687701264357,13.251497005821829,2.067004145528964,0.046853063103793,False,2
1655126150,-4.2010000000000005,41.55,117.0,400.0,12790,20604,937.443,1.62,1.69,11.17,1.741,0.039,False,2
1654757275,-15.192,51.89,1352.0,400.0,12988,19393,938.73,1.87,1.94,12.87,2.006,0.045,True,2
1654736277,12.265,50.94,142.0,400.0,13169,20034,939.626,0.78,0.82,5.4,0.8420000000000001,0.019,False,2
1655127646,15.1099433098378,42.90731811032212,199.07126463562287,414.952490242918,12773,20529,937.422691186579,1.6150114755063958,1.6747739267209858,11.086030523686407,1.727750171842445,0.0388812256072951,False,2
1654747286,17.939,49.87,1149.0,513.0,12849,19441,938.939,1.85,1.93,12.75,1.989,0.045,True,2
1654768714,20.36,53.92,243.0,400.0,13138,20022,939.48,0.51,0.53,3.51,0.547,0.012,True,2
1654755592,-16.373,54.23,1348.0,400.0,12969,19393,938.716,2.1,2.18,14.46,2.255,0.051,True,2
1654762346,14.11,51.21,39.0,400.0,13013,19914,939.743,0.26,0.27,1.8,0.281,0.006,False,2
1654715454,28.08,45.52,187.0,413.0,12774,20524,937.41,1.67,1.74,11.51,1.795,0.0409999999999999,False,2
1655125861,-6.122999999999999,40.97,121.0,428.0,12765,20598,937.412,1.68,1.74,11.55,1.801,0.0409999999999999,False,2
1654751688,19.606,53.73,1258.0,417.0,12905,19421,938.735,1.53,1.59,10.56,1.6469999999999998,0.037,True,2
1654779047,26.3,51.38,1090.0,400.0,12919,19457,938.712,1.8,1.87,12.4,1.933,0.044,True,2
1654712564,26.57,46.07,43.0,402.0,12830,20729,937.557,2.36,2.45,16.26,2.536,0.057,False,2
1654716623,48.68938390734046,24.62768134481174,613.3550840507338,607.5869495695597,12702,18974,936.909061609266,0.9,0.932355084050734,6.182355084050734,0.9644710168101468,0.022,False,2
1654754693,-2.998,53.29,1274.0,400.0,12965,19409,938.7,1.86,1.93,12.77,1.991,0.045,True,2
1654764062,20.367516827779504,48.758637253877325,74.18691102771734,400.0,13199,20103,939.635124158611,1.1856342552787271,1.2325100966677025,8.149439786951092,1.2715100966677026,0.0290627524166925,False,2
1654715278,28.36,43.82,198.0,423.0,12781,20522,937.357,1.65,1.72,11.37,1.773,0.04,False,2
1654747789,15.456,53.36,1151.0,474.0,12855,19438,938.896,1.99,2.06,13.67,2.132,0.048,True,2
1654785148,24.59,53.36,1419.0,421.0,12972,19379,938.699,1.69,1.75,11.61,1.811,0.0409999999999999,True,2
1654741780,-4.702,50.66,318.0,400.0,13106,19940,939.344,0.28,0.29,1.93,0.301,0.0069999999999999,True,2
1654713326,26.664373762901988,45.05470549499825,97.98049194558769,402.3398360181374,12779,20648,937.4879387428058,1.853008199093128,1.9252087456993363,12.778856847045688,1.9926488550205783,0.0448802186424834,False,2
1654762065,12.66,53.87,11.0,400.0,12916,19869,939.78,0.25,0.26,1.73,0.27,0.006,False,2
1654772976,24.28,53.28,1074.0,613.0,12811,19455,939.045,1.75,1.82,12.03,1.875,0.042,True,2
1654752507,20.696,50.94,1222.0,420.0,12910,19412,938.715,1.36,1.42,9.38,1.462,0.033,True,2
1654745496,18.044,52.5,1013.0,595.0,12819,19480,939.017,2.16,2.25,14.88,2.321,0.052,True,2
1654770387,19.5,58.12,351.0,400.0,13071,19918,939.278,0.3,0.31,2.06,0.321,0.0069999999999999,True,2
1654717701,51.64,13.54,2044.0,400.0,13628,20151,936.677,0.98,1.01,6.72,1.048,0.024,False,2
1654756060,-20.706,53.6,1339.0,410.0,12966,19387,938.755,2.24,2.33,15.44,2.408,0.054,True,2
1654734577,26.874,52.65,0.0,400.0,13075,19959,939.735,0.54,0.56,3.72,0.581,0.013,False,2
1654717822,48.24715267236986,15.021231399920673,1256.6499962041812,400.0,13654,20356,936.689734607501,0.6521538111155182,0.6721538111155182,4.45638437595604,0.6956307318565528,0.0153038452778878,False,2
1654712783,27.254326160751965,42.90976835205692,89.8575105522906,420.5751055229061,12815,20671,937.5227227427026,2.2385751055229064,2.3271502110458124,15.40575105522906,2.4017201688366496,0.054,False,2
1655126308,-5.013446587382506,48.1620131170606,131.91824144118456,414.9182414411845,12779,20585,937.3402452756764,2.008364828823691,2.088364828823691,13.840188972942146,2.158364828823691,0.0489182414411845,False,2
1654779251,27.08,47.36,1132.0,407.0,12905,19448,938.694,1.7,1.76,11.68,1.821,0.0409999999999999,True,2
1654752368,20.791,47.94,1212.0,402.0,12922,19426,938.717,1.66,1.72,11.4,1.778,0.04,True,2
1654762704,17.023378982805767,52.62438546591647,0.0,400.0,13113,20009,939.6994659362751,0.4446593627510771,0.4633242034388463,3.0772749020086168,0.4801906875076233,0.0108664840687769,False,2
1654743014,-4.35,57.35,825.0,977.0,12634,19523,939.138,2.58,2.68,17.78,2.773,0.063,True,2
1654713237,28.59673548405254,42.4650167733583,61.19587095684744,400.0,12792,20686,937.4970652903188,2.002010322607881,2.082010322607881,13.79407225825517,2.1502113548686697,0.0487336774202627,False,2
1654761816,14.121161441141451,50.52535423543419,11.811614411414524,400.0,12768,19778,939.8290722414744,0.1156515676575642,0.1356515676575642,0.7682578382878213,0.1434631820689788,0.0175651567657564,False,2
1654784072,24.51,53.6,1339.0,410.0,12966,19387,938.755,2.24,2.33,15.44,2.408,0.054,True,2
1654713745,26.550764350666377,45.03712133213048,84.90569145376251,400.0,12782,20639,937.4274341487226,1.7952845726881257,1.8652845726881255,12.37699200881688,1.929907338503176,0.043811382907525,False,2
1654735590,20.116,47.92,0.0,400.0,13223,20167,939.63,1.13,1.17,7.78,1.214,0.027,False,2
1654736024,15.323253276734096,51.19140827211799,94.103711564709,400.0,13188,20078,939.6461866808164,1.080207423129418,1.130207423129418,7.461451961905926,1.164207423129418,0.0260207423129417,False,2
1654780253,26.71,48.95,1214.0,408.0,12924,19436,938.71,1.96,2.04,13.49,2.104,0.048,True,2
1654746273,20.851,52.05,1061.0,541.0,12833,19466,938.914,2.23,2.31,15.33,2.39,0.054,True,2
1654750567,15.099,47.99,1143.0,400.0,12895,19444,938.792,1.48,1.54,10.2,1.591,0.036,True,2
1654784750,26.41,50.09,1329.0,400.0,12981,19400,938.702,1.55,1.61,10.66,1.662,0.038,True,2
1654734104,26.716,50.04,1.0,400.0,12952,19899,939.77,0.22,0.23,1.55,0.241,0.005,False,2
1654751960,20.356,47.38,1205.0,404.0,12915,19425,938.732,1.54,1.6,10.59,1.651,0.037,True,2
1654783880,24.9,51.61,1366.0,412.0,12964,19389,938.754,1.86,1.93,12.8,1.995,0.045,True,2
1654763047,15.96,55.9,5.0,400.0,13137,20043,939.649,0.73,0.76,5.05,0.7879999999999999,0.018,False,2
1654714239,25.89,47.76,118.0,410.0,12786,20596,937.336,1.82,1.89,12.5,1.949,0.044,False,2
1654714086,28.69156485295916,41.67277489701027,134.3374058816337,401.25305441122526,12783,20581,937.3764938911776,1.7675916323367584,1.8375916323367585,12.189767367540972,1.9007603352775757,0.0431687029408168,False,2
1654716717,54.62335295455807,20.41720434211257,242.01563337197703,702.0684198553303,12654,18744,936.907490711722,0.42,0.44,2.912981423444312,0.4538944270332935,0.01,False,2
1654761860,13.532346310690368,55.623790449595965,0.5107312214268616,400.0,12812,19806,939.8308297562596,0.3648926877857313,0.4031902503809751,2.44424881450012,0.4198712253428776,0.0324892687785731,False,2
1655129111,4.607,27.81,469.0,400.0,13503,20722,936.843,0.78,0.81,5.34,0.8320000000000001,0.019,False,2
1654735704,18.924882589674997,48.15544937469401,22.91417014058884,400.0,13208,20141,939.6072331984974,1.0544777314588154,1.0944777314588154,7.277724687347004,0.343912568592462,0.0253619432864703,False,2
1654757196,-16.514,53.4,1402.0,406.0,12974,19379,938.712,1.5,1.55,10.3,1.606,0.036,True,2
1654763453,17.118406980954756,53.418490531535895,10.52543630967219,400.0,13139,20037,939.6416847382144,0.8105254363096722,0.8405254363096721,5.591050872619344,0.8721576308929017,0.02,False,2
1655129784,-16.946728425045716,12.308137473736792,2859.682871991556,400.0,13534,19946,936.699601899672,0.8077462975932448,0.8377462975932448,5.546477785559469,0.8646653252737514,0.0196936574398311,False,2
1654717322,57.00886719066804,18.88634971575593,632.6496450639102,400.0,10769,15501,936.7775762232438,0.8345034949824202,0.8645034949824202,5.760895096148915,0.8952783202332991,0.020225174749121,False,2
1655126672,-0.833,47.76,175.0,432.0,12781,20540,937.32,1.98,0.0,13.61,2.123,0.048,False,2
1654762871,15.37,55.85,22.0,400.0,13106,20000,939.667,0.61,0.64,4.21,0.6559999999999999,0.015,False,2
1654757419,-12.369000000000002,46.73,1134.0,400.0,13044,19444,938.767,2.27,2.35,15.59,2.432,0.055,True,2
1654717071,46.0,30.11,1509.0,4189.0,11793,17405,936.872,0.7,0.72,4.79,0.747,0.018,False,1
1655125673,-8.734871784674809,40.98099310528459,66.29541235772494,400.0,12790,20660,937.464508485813,1.9693463272357807,2.049346327235781,13.585424290650469,2.118280959959359,0.0477869265447156,False,2
1654716893,46.81872162372172,15.939323243989945,107.85713522380593,400.0,13543,21041,936.8218421080754,1.4177443247443438,1.4677443247443438,9.74187946221292,1.5186691355691555,0.0346165405498743,False,2
1654903406,36.95,17.86,0.0,1375.0,12950,20125,930.937,0.98,1.02,6.75,9.949,0.225,True,2
1654749845,12.874,48.11,1195.0,406.0,12892,19440,938.763,1.54,1.6,10.61,1.655,0.037,True,2
1654714073,28.024019517499223,44.70745850589736,96.54341478569208,400.0,12794,20620,937.3821929268482,2.158424389107309,2.238424389107309,14.84704145526905,2.3152668280180406,0.0526141463035769,False,2
1654714481,25.80597929158926,47.95483772782013,145.29182980590605,405.55512051758393,12785,20572,937.3305019576708,1.7623475161744973,1.8337353174684567,12.1407387125745,1.8933047075331548,0.0424163403881879,False,2
1654712912,26.584003425214103,45.88332191595299,83.15559361349003,458.3889840337251,12773,20669,937.530478139328,2.4123339042023506,2.5031118722698005,16.5802271697537,2.5852674658832906,0.0580777968067449,False,2
1654712308,27.34,43.43,42.0,427.0,12849,20748,937.583,2.2,2.29,15.17,2.365,0.053,False,2
1654756553,-21.927,53.52,1320.0,400.0,12986,19402,938.71,1.86,1.93,12.79,1.995,0.045,True,2
1654736347,11.4,46.27,173.0,400.0,13154,20001,939.677,0.79,0.82,5.46,0.852,0.019,False,2
1654763293,18.74,51.2,40.0,400.0,13137,20015,939.604,0.6,0.62,4.12,0.643,0.015,False,2
1654733651,23.873076826122837,53.99687988658424,13.728755144965124,400.0,12665,19713,939.7893643775724,0.06,0.09,0.3578812585749418,0.0945762517149883,0.025,False,2
1654713445,26.72,44.64,62.0,400.0,12781,20666,937.472,2.15,2.23,14.81,2.309,0.052,False,2
1654716574,46.1,27.07,793.0,476.0,12781,19169,936.87,0.91,0.95,6.26,0.977,0.022,False,2
1654743894,1.669,54.58,954.0,686.0,12784,19492,939.096,2.25,2.34,15.48,2.415,0.055,True,2
1655129253,-5.609,26.58,183.0,601.0,11363,16627,936.876,0.81,0.835,5.529999999999999,0.8625,0.552,False,2
1654744668,10.08,57.36,1032.0,626.0,12802,19477,939.107,2.25,2.33,15.47,2.412,0.054,True,2
1655125752,-7.762976564722839,46.420234352771615,86.51217291342235,401.4634812597329,12783,20630,937.4441956771644,1.7651217291342236,1.835121729134224,12.141217291342237,1.8936825937013355,0.043,False,2
1654774205,26.99,47.16,1019.0,528.0,12842,19471,938.917,1.98,2.05,13.6,2.121,0.048,True,2
1654764378,19.63983272360033,45.645604943508175,201.86503212775355,400.0,13126,19965,939.6717005041974,0.7122364804645583,0.7422364804645584,4.88953712301963,0.7630423924761723,0.0168059120116139,False,2
1655125899,-5.567,42.61,80.0,400.0,12791,20641,937.408,1.73,1.79,11.87,1.852,0.042,False,2
1654777918,26.85,48.03,1113.0,401.0,12896,19459,938.768,1.64,1.71,11.31,1.764,0.04,True,2
1655129092,5.9270000000000005,18.61,0.0,400.0,13622,21326,936.801,1.01,1.04,6.92,1.079,0.024,False,2
1654746329,20.843000000000004,51.08,1109.0,546.0,12831,19448,938.913,1.94,2.01,13.34,2.08,0.047,True,2
1654777091,27.14,47.16,1172.0,408.0,12874,19441,938.811,1.68,1.75,11.58,1.806,0.0409999999999999,True,2
1654716821,51.24,13.98,2725.0,400.0,13156,19947,936.854,1.12,1.16,7.69,1.199,0.027,False,2
1655128181,13.788,41.38,182.0,400.0,13163,20962,937.034,1.77,1.84,12.18,1.899,0.043,False,2
1654754890,-6.2410000000000005,47.98,1350.0,400.0,12962,19396,938.719,1.66,1.73,11.44,1.784,0.04,True,2
1654751718,19.703,47.38,1210.0,400.0,12913,19424,938.72,1.96,2.03,13.46,2.099,0.047,True,2
1654773010,26.85,47.29,1004.0,609.0,12818,19484,939.064,2.13,2.22,14.69,2.291,0.052,True,2
1654774037,25.24,49.18,1074.0,568.0,12820,19456,938.994,2.03,2.11,13.95,2.175,0.049,True,2
1655129623,-22.00475250355561,10.98230209814838,2098.0,866.3712446665835,12570,18207,936.714415832148,0.83,0.86,5.55,0.907,3.884033019085413,False,0
1654785801,24.8,52.08,1362.0,413.0,12987,19399,938.804,2.09,2.18,14.42,2.248,0.051,True,2
1654743053,-4.214,59.04,783.0,932.0,12661,19537,939.14,2.61,2.72,17.99,2.805,0.063,True,2
1654739185,-8.92,51.93,15.0,400.0,13256,20253,939.698,2.56,2.65,17.59,2.742,0.062,True,2
1654741457,-4.306,54.49,326.0,400.0,13103,19940,939.372,0.39,0.41,2.69,0.42,0.009,True,2
1655124702,24.738000000000003,40.65,62.0,400.0,12837,20710,937.549,2.0,2.08,13.77,2.148,0.049,False,2
1654716781,57.35,19.14,616.0,840.0,12577,18527,936.893,0.95,0.99,6.53,1.018,0.023,False,2
1654769309,18.55,55.29,306.0,400.0,13112,19967,939.422,0.33,0.34,2.24,0.35,0.008,True,2
1654764045,18.17798757644116,52.462910386680754,99.2291038668075,400.0,13191,20071,939.6515417922664,0.9751393075546164,1.015139307554617,6.728544806659625,1.048910203687809,0.024,False,2
1654766444,19.68,54.93,48.0,400.0,13229,20163,939.706,1.88,1.95,12.93,2.017,0.046,True,2
1654753122,18.315,53.57,1174.0,400.0,12926,19430,938.721,1.72,1.78,11.81,1.841,0.042,True,2
1655129942,-0.4721027902204277,15.512999154478658,1326.5667887975271,400.0,13669,20337,936.6620666478772,0.6493335212269649,0.6793335212269649,4.475334648588754,0.6982668733496614,0.0159666760613482,False,2
1654762332,15.896113892525586,50.554572903029054,3.0,400.0,13032,19943,939.7439028473132,0.16,0.15348404323374,1.098056946262793,0.1707085419394189,0.004,False,2
1654713901,28.59745976655798,42.028890817047085,104.36494163949436,400.0,12786,20617,937.431872988328,1.8312701167210117,1.901270116721011,12.588890817047078,1.9633971283931124,0.0440635058360505,False,2
1654782962,26.85,47.99,1312.0,400.0,12965,19405,938.703,2.11,2.2,14.54,2.268,0.051,True,2
1654774445,27.04,47.1,1105.0,538.0,12841,19454,938.904,2.33,2.42,16.03,2.5,0.0559999999999999,True,2
1654712493,26.92792565831029,45.12131761580475,30.28310675746709,400.0,12835,20747,937.563773647684,2.122263523160949,2.203489875477044,14.58197642370712,2.274225686866701,0.0513679056948284,False,2
1654715950,27.47,38.51,0.0,400.0,13434,21278,937.388,1.92,2.0,13.22,2.062,0.047,False,2
1654785394,24.45,53.6,1358.0,400.0,12994,19395,938.748,2.13,2.22,14.68,2.289,0.052,True,2
1654755287,-12.359000000000002,53.96,1337.0,400.0,12963,19388,938.74,2.13,2.21,14.65,2.2840000000000003,0.052,True,2
1654763025,16.72,50.31,37.0,400.0,13119,20012,939.609,1.21,1.26,8.32,1.297,0.0289999999999999,False,2
1654749067,12.0,47.81,1163.0,406.0,12880,19443,938.791,1.83,1.9,12.59,1.964,0.044,True,2
1655126472,-4.996,46.89,130.0,412.0,12779,20589,937.336,1.86,1.94,12.83,2.0,0.045,False,2
1654748668,12.367,50.97,1184.0,449.0,12868,19444,938.834,1.96,2.04,13.49,2.104,0.048,True,2
1654733433,21.41744190873039,55.359714331504456,8.211809768023766,409.5763804639525,12533,19625,939.7826354293042,0.0878819023197623,0.2641752313793464,0.1562933290595841,0.3034868496332691,0.173293329059584,False,2
1654758232,14.87,54.51,1270.0,400.0,13000,19417,938.83,1.56,1.62,10.75,1.676,0.038,True,2
1654757754,-3.592,52.57,1295.0,400.0,12998,19403,938.791,1.92,1.99,13.21,2.059,0.047,True,2
1654763114,18.2928568647002,51.85950425449919,18.961178612501065,400.0,13144,20030,939.60306211422,0.8201552855499957,0.8501552855499958,5.651009356074972,0.8801630498274955,0.02,False,2
1654737447,-1.6869999999999998,49.06,148.0,400.0,13206,20068,939.632,1.78,1.84,12.22,1.905,0.043,True,2
1654716489,44.01740031764603,28.08074942822341,790.171804320151,400.0,13029,19597,936.883784148666,0.6554185514626423,0.6801322109290575,4.518502541305666,0.704546308768982,0.015885463786566,False,2
1654757265,-15.368,54.11,1421.0,413.0,12977,19377,938.719,1.68,1.74,11.54,1.7990000000000002,0.0409999999999999,True,2
1655126206,-4.464501277292263,41.762946736699455,133.5541576182916,401.1486141272361,12782,20581,937.3790805977812,1.7926951079919478,1.862695107991948,12.356976625764744,1.9268840210098368,0.0437430706361806,False,2
1654773766,26.12,51.75,992.0,545.0,12842,19484,938.987,2.12,2.2,14.6,2.276,0.051,True,2
1654775288,27.09,47.11,1088.0,485.0,12862,19457,938.936,2.04,2.12,14.07,2.194,0.05,True,2
1654714706,26.394181892441065,46.39215340631062,159.72447609570048,447.6377619521497,12765,20565,937.2966377619522,2.0008671414355077,2.0808671414355078,13.771580468134545,2.147418189244106,0.0483622380478502,False,2
1654763083,16.94094558837282,49.797859032886514,46.741302524937744,400.0,13112,19999,939.5946940231064,0.79,0.82,5.4287065126246885,0.8463059768937032,0.019,False,2
1654775664,24.86,51.95,1138.0,488.0,12854,19443,938.925,1.81,1.88,12.46,1.943,0.044,True,2
1654757396,-12.857,50.48,1151.0,400.0,13041,19437,938.742,2.05,2.13,14.12,2.201,0.05,True,2
1654766887,22.14,48.9,15.0,400.0,13262,20241,939.732,2.65,2.76,18.26,2.8480000000000003,0.064,True,2
1654776251,27.12,47.05,1138.0,461.0,12866,19449,938.816,1.81,1.88,12.46,1.943,0.044,True,2
1654763328,17.03,52.05,71.0,400.0,13109,19971,939.599,0.74,0.77,5.08,0.792,0.018,False,2
1654777372,26.65,48.88,1166.0,407.0,12885,19445,938.794,1.95,2.03,13.43,2.094,0.047,True,2
1654738383,-8.525,49.81,30.0,400.0,13247,20185,939.672,1.92,2.0,13.22,2.061,0.047,True,2
1654782974,25.91,47.48,1360.0,423.0,12950,19381,938.707,2.26,2.35,15.56,2.426,0.055,True,2
1654778286,27.04,47.52,1132.0,400.0,12900,19442,938.772,1.4,1.45,9.61,1.4980000000000002,0.034,True,2
1654773391,24.51,52.79,1143.0,609.0,12812,19456,939.026,2.25,2.34,15.5,2.417,0.055,True,2
1655127495,18.32062096346974,48.33847709008122,197.80078663348183,433.35937069321454,12765,20523,937.3656406293068,1.7859764009955452,1.8543748277285816,12.290233233701857,1.9165740410951,0.0433593706932145,False,2
1654785035,24.43,53.95,1379.0,407.0,12977,19380,938.697,1.86,1.93,12.8,1.996,0.045,True,2
1654780105,24.82,52.54,1220.0,406.0,12912,19421,938.695,1.64,1.71,11.3,1.761,0.04,True,2
1654754963,-7.417999999999999,48.21,1396.0,432.0,12942,19371,938.702,2.35,2.44,16.15,2.518,0.057,True,2
1654784996,26.68,48.76,1360.0,400.0,12980,19387,938.713,1.56,1.62,10.76,1.6769999999999998,0.038,True,2
1655127821,12.449340818689496,40.24262631538524,0.0,400.0,13126,20967,937.4738380116808,2.007485964957196,2.087485964957196,13.803239766381306,2.152402163789102,0.0489161988319065,False,2
1654762718,17.561538176429064,49.39317411044464,7.509590437543063,400.0,13099,19998,939.7095095904376,0.4022113602681647,0.4222113602681647,2.7725949777698875,0.4324998146788913,0.0096442272053632,False,2
1654743815,0.907,49.19,839.0,658.0,12798,19516,939.121,2.08,2.16,14.3,2.229,0.05,True,2
1654734021,26.407559297197064,54.05568082233751,2.4194728977988422,400.0,12911,19863,939.7873008785036,0.17,0.17,1.14,0.178,0.004,False,2
1654743972,2.45,52.13,896.0,663.0,12795,19500,939.081,2.11,2.2,14.55,2.269,0.051,True,2
